date,stock_id,year,StockEarningsDistribution,StockStatutorySurplus,StockExDividendTradingDate,TotalEmployeeStockDividend,TotalEmployeeStockDividendAmount,RatioOfEmployeeStockDividendOfTotal,RatioOfEmployeeStockDividend,CashEarningsDistribution,CashStatutorySurplus,CashExDividendTradingDate,CashDividendPaymentDate,TotalEmployeeCashDividend,TotalNumberOfCashCapitalIncrease,CashIncreaseSubscriptionRate,CashIncreaseSubscriptionpRrice,RemunerationOfDirectorsAndSupervisors,ParticipateDistributionOfTotalShares,AnnouncementDate,AnnouncementTime
2010-07-16,2303,98年,0,0,,0,0,0,0,0.5,0,2010-07-08,,965002526,0,0,0,9583932,0,2010-06-24,17:21:39
2011-07-30,2303,99年,0,0,,0,0,0,0,1.1116484,0,2011-07-22,,2476610586,0,0,0,21401774,0,2011-07-08,17:10:06
2012-07-15,2303,100年,0,0,,0,0,0,0,0.49980232,0,2012-07-09,,1618217302,0,0,0,9303426,0,2012-06-22,17:27:37
2013-07-14,2303,101年,0,0,,0,0,0,0,0.40639654,0,2013-07-08,,1040179328,0,0,0,6950282,0,2013-06-21,11:18:03
2014-07-13,2303,102年,0,0,,0,0,0,0,0.01,0.49,2014-07-07,,1162655682,0,0,0,11746038,0,2014-06-18,17:42:16
2015-07-20,2303,103年,0,0,,0,0,0,0,0.54969673,0,2015-07-14,2015-08-13,1458956333,0,0,0,10811967,0,2015-06-25,15:49:28
2016-07-18,2303,104年,0,0,,0,0,0,0,0.56501906,0,2016-07-12,2016-08-11,0,0,0,0,0,0,2016-06-27,11:21:38
2017-07-17,2303,105年,0,0,,0,0,0,0,0.5,0,2017-07-11,2017-08-10,0,0,0,0,0,0,2017-06-21,18:15:05
2018-07-16,2303,106年,0,0,,0,0,0,0,0.71164307,0,2018-07-10,2018-07-31,0,0,0,0,0,0,2018-06-22,16:46:05
2019-07-22,2303,107年,0,0,,0,0,0,0,0.58989396,0,2019-07-16,2019-08-06,0,0,0,0,0,11724318715,2019-06-26,16:11:32
2020-07-21,2303,108年,0,0,,0,0,0,0,0.80395653,0,2020-07-15,2020-08-05,0,0,0,0,0,12146371493,2020-06-29,17:32:09
2021-07-30,2303,109年,0,0,,0,0,0,0,1.5998882,0,2021-07-22,2021-08-13,0,0,0,0,0,12423269493,2021-07-08,11:20:05
2022-06-28,2303,110年,0,0,,0,0,0,0,0,3,2022-06-22,2022-07-14,0,0,0,0,0,12482123484,2022-06-02,17:30:05
2023-07-03,2303,111年,0,0,,0,0,0,0,3.60046348,0,2023-06-27,2023-07-19,0,0,0,0,0,12503139241,2023-06-08,14:29:15
2010-07-13,6505,99年,0,0,,0,0,0,0,3.8,0,2010-07-07,,65083930,0,0,0,0,0,2010-06-21,17:48:10
2011-07-12,6505,100年,0,0,,0,0,0,0,3.9,0,2011-07-06,,43667356,0,0,0,0,0,2011-06-17,17:40:00
2012-07-10,6505,101年,0,0,,0,0,0,0,2,0,2012-07-04,,34218792,0,0,0,0,0,2012-06-18,18:04:59
2013-07-08,6505,101年,0,0,,0,0,0,0,0.26,0,2013-07-02,,166298,0,0,0,0,0,2013-06-14,12:02:34
2014-07-07,6505,102年,0,0,,0,0,0,0,2.5,0,2014-07-01,,5042082,0,0,0,0,0,2014-06-13,11:57:21
2015-07-09,6505,103年,0,0,,0,0,0,0,0.85,0,2015-07-02,2015-07-24,1295405,0,0,0,0,0,2015-06-17,17:13:20
2016-07-10,6505,104年,0,0,,0,0,0,0,4,0,2016-07-04,2016-07-22,0,0,0,0,0,0,2016-06-06,17:06:12
2017-07-04,6505,105年,0,0,,0,0,0,0,6,0,2017-06-28,2017-07-18,0,0,0,0,0,0,2017-06-08,16:13:56
2018-07-10,6505,106年,0,0,,0,0,0,0,6.3,0,2018-07-04,2018-07-25,0,0,0,0,0,0,2018-06-19,18:07:01
2019-06-26,6505,107年,0,0,,0,0,0,0,4.8,0,2019-06-20,2019-07-25,0,0,0,0,0,9525959652,2019-06-04,18:05:32
2020-06-23,6505,108年,0,0,,0,0,0,0,2.9,0,2020-06-17,2020-07-22,0,0,0,0,0,9525959652,2020-06-02,14:25:01
2021-07-31,6505,109年,0,0,,0,0,0,0,0.59,0,2021-07-23,2021-08-20,0,0,0,0,0,9525959652,2021-07-09,10:46:02
2022-06-27,6505,110年,0,0,,0,0,0,0,3.8,0,2022-06-21,2022-07-22,0,0,0,0,0,9525959652,2022-06-06,17:14:17
2023-06-19,6505,111年,0,0,,0,0,0,0,1.1,0,2023-06-13,2023-07-12,0,0,0,0,0,9525959652,2023-05-29,09:57:04
2010-07-15,2885,98年,0,0,,0,0,0,0,0.9,0,2010-07-08,,7333869,0,0,0,73338683,0,2010-06-24,09:52:37
2011-08-31,2885,99年,0.9172861,0,2011-08-25,0,0,0,0,0,0,,,7343916,0,0,0,36719577,0,2011-08-10,15:07:19
2012-07-31,2885,100年,0,0,,0,0,0,0,0.2,0,2012-07-25,,10271929,0,0,0,51359645,0,2012-06-27,11:43:10
2013-07-29,2885,101年,0,0,,0,0,0,0,0.55,0,2013-07-23,,5425772,0,0,0,27128859,0,2013-07-05,11:02:45
2014-07-02,2885,102年,0,0,,0,0,0,0,0.65,0,2014-06-26,,2019457,0,0,0,44008632,0,2014-06-11,14:28:41
2014-08-26,2885,102年,0.25,0,2014-08-20,0,0,0,0,0,0,,,2019457,0,0,0,44008632,0,2014-08-01,15:36:32
2015-07-22,2885,103年,0,0,,0,0,0,0,0.617839,0,2015-07-16,2015-08-05,2486454,0,0,0,45925071,0,2015-07-01,10:38:28
2015-08-20,2885,103年,0.2622902,0,2015-08-13,0,0,0,0,0,0,,,0,0,0,0,45925071,0,2015-07-29,17:45:12
2016-07-23,2885,104年,0,0,,0,0,0,0,0.360995,0,2016-07-15,2016-08-10,0,0,0,0,0,0,2016-06-30,15:56:39
2017-07-22,2885,105年,0,0,,0,0,0,0,0.44777,0,2017-07-14,2017-08-09,0,0,0,0,0,0,2017-06-29,15:57:41
2018-07-10,2885,106年,0,0,,0,0,0,0,0.556315,0,2018-07-04,2018-07-27,0,0,0,0,0,0,2018-06-19,16:02:58
2019-07-08,2885,107年,0,0,,0,0,0,0,0.9,0,2019-07-02,2019-07-26,0,0,0,0,0,11670611456,2019-06-18,11:58:08
2020-07-05,2885,108年,0,0,,0,0,0,0,0.65,0,2020-06-29,2020-07-22,0,0,0,0,0,11670611456,2020-06-10,17:22:00
2020-08-23,2885,108年,0.4,0,2020-08-17,0,0,0,0,0,0,,,0,0,0,0,0,11670611456,2020-07-31,12:00:35
2021-07-17,2885,109年,0,0,,0,0,0,0,1.2,0,2021-07-09,2021-07-21,0,0,0,0,0,12137435914,2021-06-24,16:57:01
2022-07-04,2885,110年,0,0,,0,0,0,0,1.5,0,2022-06-28,2022-07-22,0,0,0,0,0,12137435914,2022-06-13,18:04:07
2022-08-20,2885,110年,0.3,0,2022-08-12,0,0,0,0,0,0,,,0,0,0,0,0,12137435914,2022-07-28,16:52:45
2023-07-07,2885,111年,0,0,,0,0,0,0,0.8,0,2023-06-29,2023-07-26,0,0,0,0,0,12501558992,2023-06-12,17:48:55
2023-08-19,2885,111年,0.15,0,2023-08-11,0,0,0,0,0,0,,,0,0,0,0,0,12501558992,2023-07-27,14:26:02
2010-08-16,4904,98年,0,0,,0,0,0,0,2.8,0,2010-08-10,,166576729,0,0,0,83288364,0,2010-06-28,09:06:23
2011-07-25,4904,99年,0,0,,0,0,0,0,2.5,0,2011-07-19,,159274170,0,0,0,79637085,0,2011-06-24,11:35:49
2012-07-30,4904,100年,0,0,,0,0,0,0,2.469,0.531,2012-07-24,,159857869,0,0,0,79928935,0,2012-07-04,10:07:05
2013-07-30,4904,101年,0,0,,0,0,0,0,2.928,0.572,2013-07-24,,190798349,0,0,0,95399174,0,2013-07-01,16:39:36
2014-07-22,4904,102年,0,0,,0,0,0,0,3.164,0.586,2014-07-16,,205911069,0,0,0,102955535,0,2014-06-25,11:46:28
2015-07-21,4904,103年,0,0,,0,0,0,0,3.167,0.583,2015-07-15,2015-08-07,205340068,0,0,0,102670034,0,2015-06-22,10:05:22
2016-07-18,4904,104年,0,0,,0,0,0,0,3.174,0.576,2016-07-12,2016-08-05,0,0,0,0,0,0,2016-06-16,15:27:14
2017-07-18,4904,105年,0,0,,0,0,0,0,3.129,0.621,2017-07-12,2017-08-04,0,0,0,0,0,0,2017-06-23,18:20:21
2018-07-17,4904,106年,0,0,,0,0,0,0,3.037,0.713,2018-07-11,2018-08-03,0,0,0,0,0,0,2018-06-19,14:44:01
2019-07-22,4904,107年,0,0,,0,0,0,0,3.75,0,2019-07-16,2019-08-07,0,0,0,0,0,3258500810,2019-06-18,14:56:32
2020-07-20,4904,108年,0,0,,0,0,0,0,3.209,0.041,2020-07-14,2020-08-07,0,0,0,0,0,3258500810,2020-06-19,15:49:43
2021-07-31,4904,109年,0,0,,0,0,0,0,2.234,1.016,2021-07-23,2021-08-19,0,0,0,0,0,3258500810,2021-07-06,16:19:34
2022-07-20,4904,110年,0,0,,0,0,0,0,2.349,0.901,2022-07-14,2022-08-17,0,0,0,0,0,3258500810,2022-06-14,16:02:09
2023-07-11,4904,111年,0,0,,0,0,0,0,2.379,0.871,2023-07-05,2023-08-07,0,0,0,0,0,3258500810,2023-05-31,18:27:44
2010-08-10,2912,98年,0,0,,0,0,0,0,3.6,0,2010-08-04,,218913131,0,0,0,36485522,0,2010-07-18,11:00:00
2011-08-10,2912,99年,0,0,,0,0,0,0,4.9,0,2011-08-04,,309470486,0,0,0,51578414,0,2011-07-19,19:00:08
2012-08-13,2912,100年,0,0,,0,0,0,0,4.8,0,2012-08-07,,296900827,0,0,0,98966943,0,2012-07-24,11:09:49
2013-08-13,2912,101年,0,0,,0,0,0,0,4.85,0,2013-08-07,,391721706,0,0,0,130573902,0,2013-07-24,11:29:36
2014-08-12,2912,102年,0,0,,0,0,0,0,5.15,0.85,2014-08-06,2014-09-05,323586878,0,0,0,107862293,0,2014-07-21,16:22:02
2015-08-10,2912,103年,0,0,,0,0,0,0,7,0,2015-08-04,2015-09-04,481206920,0,0,0,160402307,0,2015-07-15,16:06:05
2016-08-09,2912,104年,0,0,,0,0,0,0,7.2,0,2016-08-03,2016-09-07,0,0,0,0,0,0,2016-07-13,16:42:21
2017-08-08,2912,105年,0,0,,0,0,0,0,8,0,2017-08-02,2017-09-06,0,0,0,0,0,0,2017-07-10,17:28:16
2018-08-07,2912,106年,0,0,,0,0,0,0,25,0,2018-08-01,2018-09-05,0,0,0,0,0,0,2018-07-09,16:55:18
2019-08-06,2912,107年,0,0,,0,0,0,0,8.8,0,2019-07-31,2019-09-04,0,0,0,0,0,1039622255,2019-07-16,17:06:33
2020-08-11,2912,108年,0,0,,0,0,0,0,9,0,2020-08-05,2020-09-09,0,0,0,0,0,1039622255,2020-07-17,09:34:31
2021-09-13,2912,109年,0,0,,0,0,0,0,9,0,2021-09-07,2021-10-13,0,0,0,0,0,1039622255,2021-08-18,09:45:36
2022-08-09,2912,110年,0,0,,0,0,0,0,7.21,1.79,2022-08-03,2022-09-06,0,0,0,0,0,1039622255,2022-07-19,11:55:50
2023-08-09,2912,111年,0,0,,0,0,0,0,9,0,2023-08-03,2023-09-06,0,0,0,0,0,1039622255,2023-07-19,10:13:32
2010-10-03,2601,98年,0,0,,0,0,0,0,1.01165957,0,2010-09-27,,2800000,0,0,0,2800000,0,2010-09-09,14:26:14
2011-08-17,2601,99年,0,0,,0,0,0,0,1.00506653,0,2011-08-11,,2940000,0,0,0,2940000,0,2011-07-27,12:08:39
2012-08-26,2601,100年,0,0,,0,0,0,0,0.5,0,2012-08-20,,1500000,0,0,0,1470000,0,2012-08-03,14:24:37
2013-01-02,2601,102年,0,0,2012-12-27,0,0,0,0,0,0,,,0,100000000,28.82,22,1470000,0,2012-12-21,18:07:15
2013-08-28,2601,101年,0,0,,0,0,0,0,0.25453916,0,2013-08-22,,1000000,0,0,0,980000,0,2013-08-07,11:01:44
2015-09-14,2601,103年,0,0,,0,0,0,0,0.25,0,2015-09-08,2015-10-08,950000,0,0,0,910000,0,2015-08-13,11:13:15
2017-03-31,2601,106年,0,0,2017-03-23,0,0,0,0,0,0,,,0,260000000,56.08,7.6,0,0,2017-03-16,19:18:26
2019-09-24,2601,107年,0,0,,0,0,0,0,0.1,0,2019-09-18,2019-10-08,0,0,0,0,0,630883150,2019-08-20,16:55:35
2020-11-07,2601,108年,0.9,0,2020-10-30,0,0,0,0,0.1,0.3,2020-10-30,2020-11-30,0,0,0,0,0,620883150,2020-10-15,17:42:30
2010-07-24,2385,98年,0.5000000086,0,2010-07-16,5284100,52841000,15.38,0.01,3.5,0,2010-07-16,,122880012,0,0,0,30388421,0,2010-07-01,11:10:30
2011-07-04,2385,99年,0,0,,0,0,0,0,4,0,2011-06-28,,133000037,0,0,0,32850609,0,2011-06-12,11:13:12
2011-07-15,2385,99年,0.3500000011,0,2011-07-07,7282688,72826880,25.26,0.01,0,0,,,0,0,0,0,32850609,0,2011-06-22,17:16:16
2012-07-04,2385,100年,0,0,,0,0,0,0,4,0,2012-06-28,,168517168,0,0,0,37407321,0,2012-06-13,16:12:48
2012-07-17,2385,100年,0.3500000054,0,2012-07-11,8779093,87790930,28.02,0.01,0,0,,,0,0,0,0,37407321,0,2012-06-26,16:14:46
2013-07-06,2385,101年,0,0,,0,0,0,0,4.1,0,2013-06-28,,67716342,0,0,0,24357270,0,2013-06-11,18:26:47
2013-07-20,2385,101年,0.1,0,2013-07-12,4185623,41856230,38.25,0.01,0,0,,,0,0,0,0,24357270,0,2013-06-26,17:50:55
2014-06-24,2385,102年,0,0,,0,0,0,0,4.6,0,2014-06-18,,341965878,0,0,0,44279115,0,2014-05-30,16:59:50
2014-07-15,2385,102年,0.05,0,2014-07-09,4710191,47101910,57.84,0.01,0,0,,,0,0,0,0,44279115,0,2014-06-24,16:02:53
2015-07-12,2385,103年,0,0,,0,0,0,0,4.65,0,2015-07-06,2015-07-29,166655294,0,0,0,36728455,0,2015-06-17,17:57:08
2015-08-17,2385,103年,0.05,0,2015-08-11,5470374,54703740,61.16,0.01,0,0,,,0,0,0,0,36728455,0,2015-07-23,17:25:43
2016-07-03,2385,104年,0,0,,0,0,0,0,4.3,0,2016-06-27,2016-07-20,0,0,0,0,0,0,2016-06-08,18:05:37
2016-07-27,2385,104年,0.05,0,2016-07-21,0,0,0,0,0,0,,,0,0,0,0,0,0,2016-06-28,12:14:28
2017-06-28,2385,105年,0,0,,0,0,0,0,4.25,0,2017-06-22,2017-07-19,0,0,0,0,0,0,2017-06-07,14:52:45
2017-07-18,2385,105年,0.05,0,2017-07-12,0,0,0,0,0,0,,,0,0,0,0,0,0,2017-07-11,15:03:45
2018-06-27,2385,106年,0,0,,0,0,0,0,4.45,0,2018-06-21,2018-07-20,0,0,0,0,0,0,2018-06-06,11:59:50
2018-07-25,2385,106年,0.05,0,2018-07-19,0,0,0,0,0,0,,,0,0,0,0,0,0,2018-07-03,14:25:57
2019-07-01,2385,107年,0,0,,0,0,0,0,3.8,0,2019-06-25,2019-07-19,0,0,0,0,0,728120521,2019-06-06,12:07:32
2020-04-16,2385,108年,0,0,,0,0,0,0,5.9,0,2020-04-09,2020-05-12,0,0,0,0,0,739460300,2020-03-23,16:58:03
2021-04-17,2385,109年,0,0,,0,0,0,0,5.5,0,2021-04-09,2021-05-12,0,0,0,0,0,745292749,2021-03-23,15:23:39
2022-06-22,2385,110年,0,0,,0,0,0,0,6.1,0,2022-06-16,2022-07-15,0,0,0,0,0,751846421,2022-05-30,15:49:21
2023-06-24,2385,111年,0,0,,0,0,0,0,7.5,0,2023-06-16,2023-07-14,0,0,0,0,0,760053172,2023-05-09,16:45:29
2010-08-31,2317,98年,1.2,0,2010-08-25,52844526,528445260,4.88,0.01,2,0,2010-08-25,,53,0,0,0,0,0,2010-08-10,15:20:26
2011-08-06,2317,99年,1,0,2011-07-29,61723640,617236400,6,0.01,1,0,2011-07-29,,54,0,0,0,0,0,2011-07-15,10:26:56
2012-08-18,2317,100年,1,0,2012-08-10,77860198,778601980,6.79,0.01,1.5,0,2012-08-10,,22,0,0,0,0,0,2012-07-27,14:47:31
2013-09-15,2317,101年,1,0,2013-09-09,109253660,1092536600,8.45,0.01,1.5,0,2013-09-09,,44,0,0,0,0,0,2013-08-27,10:04:20
2014-09-03,2317,102年,1.2,0,2014-08-28,89255202,892552020,5.36,0.01,1.8,0,2014-08-28,2014-09-30,44,0,0,0,0,0,2014-08-14,18:50:36
2015-09-10,2317,103年,0.5,0,2015-09-03,105211021,1052110210,12.45,0.01,3.8,0,2015-09-03,2015-10-07,6,0,0,0,0,0,2015-08-14,14:52:53
2016-09-10,2317,104年,1,0,2016-09-02,0,0,0,0,4,0,2016-09-02,2016-10-07,0,0,0,0,0,0,2016-08-18,17:57:04
2017-07-21,2317,105年,0,0,,0,0,0,0,4.5,0,2017-07-13,2017-08-10,0,0,0,0,0,0,2017-06-26,10:13:08
2018-07-31,2317,106年,0,0,,0,0,0,0,2,0,2018-07-25,2018-08-24,0,0,0,0,0,0,2018-07-10,16:23:30
2019-07-31,2317,107年,0,0,,0,0,0,0,4,0,2019-07-25,2019-08-23,0,0,0,0,0,13862990609,2019-07-09,16:57:51
2020-07-31,2317,108年,0,0,,0,0,0,0,4.2,0,2020-07-23,2020-08-21,0,0,0,0,0,13862990609,2020-07-08,17:55:35
2021-07-30,2317,109年,0,0,,0,0,0,0,4,0,2021-07-22,2021-08-20,0,0,0,0,0,13862990609,2021-07-07,17:03:38
2022-07-10,2317,110年,0,0,,0,0,0,0,5.2,0,2022-07-04,2022-07-28,0,0,0,0,0,13862990609,2022-06-08,17:46:35
2023-07-10,2317,111年,0,0,,0,0,0,0,5.3,0,2023-07-04,2023-07-28,0,0,0,0,0,13862990609,2023-06-06,17:29:16
2010-08-04,2891,98年,0,0,,0,0,0,0,0.64,0,2010-07-29,,568976,0,0,0,11379511,0,2010-07-14,09:27:33
2010-09-06,2891,98年,0.39,0.25,2010-08-31,0,0,0,0,0,0,,,0,0,0,0,11379511,0,2010-08-16,19:05:19
2011-07-25,2891,99年,0,0,,0,0,0,0,0.73,0,2011-07-19,,5835295,0,0,0,116705891,0,2011-07-01,15:37:50
2011-09-19,2891,99年,0.71965434,0,2011-09-13,0,0,0,0,0,0,,,0,0,0,0,116705891,0,2011-08-26,16:58:41
2012-02-18,2891,101年,0,0,2012-02-10,0,0,0,0,0,0,,,0,715000000,5,16.3,146420003,0,2012-02-04,16:49:40
2012-07-23,2891,100年,0,0,,0,0,0,0,0.4,0,2012-07-17,,7321000,0,0,0,146420003,0,2012-07-02,15:08:14
2012-09-24,2891,100年,0.88,0,2012-09-18,0,0,0,0,0,0,,,0,0,0,0,146420003,0,2012-09-03,12:06:54
2013-02-25,2891,102年,0,0,2013-02-19,0,0,0,0,0,0,,,0,1333400000,8.59,15,180220856,0,2013-02-01,18:33:53
2013-07-23,2891,101年,0,0,,0,0,0,0,0.71,0,2013-07-17,,9011043,0,0,0,180220856,0,2013-07-02,19:18:45
2013-08-25,2891,101年,0.7,0,2013-08-19,0,0,0,0,0,0,,,0,0,0,0,180220856,0,2013-08-02,17:48:45
2014-07-15,2891,102年,0,0,,0,0,0,0,0.38,0,2014-07-09,,5541473,0,0,0,110829455,0,2014-06-26,17:03:52
2014-09-24,2891,103年,0.36996335,0,2014-09-18,0,0,0,0,0,0,,,0,0,0,0,110829455,0,2014-09-02,09:16:12
2015-08-14,2891,103年,0.81,0,2015-08-06,0,0,0,0,0.81,0,2015-08-06,2015-08-31,12496453,0,0,0,249929047,0,2015-07-22,19:14:59
2016-08-06,2891,104年,0,0,,0,0,0,0,0.81,0,2016-07-29,2016-08-26,0,0,0,0,0,0,2016-07-14,11:43:57
2016-10-18,2891,104年,0.8,0,2016-10-12,0,0,0,0,0,0,,,0,0,0,0,0,0,2016-09-26,14:28:22
2017-07-23,2891,105年,0,0,,0,0,0,0,0.85,0.15,2017-07-17,2017-08-11,0,0,0,0,0,0,2017-06-30,18:10:57
2017-11-06,2891,106年,0,0,2017-10-31,0,0,0,0,0,0,,,0,333330000,1.37,60,0,0,2017-10-24,17:06:12
2018-07-15,2891,106年,0,0,,0,0,0,0,1.08,0,2018-07-09,2018-08-03,0,0,0,0,0,0,2018-06-22,15:41:47
2019-02-19,2891,107年,0,0,2019-02-13,0,0,0,0,0,0,,,0,166660000,0.67,60,0,19496989569,2019-01-29,14:48:56
2019-07-21,2891,107年,0,0,,0,0,0,0,1,0,2019-07-15,2019-08-09,0,0,0,0,0,19496989569,2019-07-01,10:55:27
2020-07-19,2891,108年,0,0,,0,0,0,0,1,0,2020-07-13,2020-08-07,0,0,0,0,0,19496989569,2020-06-29,11:02:15
2021-08-22,2891,109年,0,0,,0,0,0,0,1.05,0,2021-08-16,2021-09-10,0,0,0,0,0,19496989569,2021-08-02,15:39:31
2022-07-20,2891,110年,0,0,,0,0,0,0,1.25,0,2022-07-14,2022-08-12,0,0,0,0,0,19496989569,2022-06-30,10:23:04
2023-08-12,2891,111年,0,0,,0,0,0,0,1.00002571,0,2023-08-04,2023-08-31,0,0,0,0,0,19583297106,2023-07-18,11:18:29
2010-08-01,2002,98年,0.33,0,2010-07-26,0,0,0,0,1.01,0,2010-07-26,,1528287894,0,0,0,28655398,0,2010-07-09,14:19:37
2011-07-24,2002,99年,0.5,0,2011-07-18,0,0,0,0,1.99,0,2011-07-18,,2701965463,0,0,0,50661852,0,2011-06-30,12:02:00
2012-08-01,2002,100年,0.15,0,2012-07-26,0,0,0,0,1.01,0,2012-07-26,,1399258872,0,0,0,26236104,0,2012-07-05,15:33:30
2013-08-03,2002,101年,0.1,0,2013-07-26,0,0,0,0,0.4,0,2013-07-26,,414141286,0,0,0,7765149,0,2013-07-05,16:55:21
2014-08-20,2002,102年,0.2,0,2014-08-14,0,0,0,0,0.7,0,2014-08-14,2014-09-16,1133083571,0,0,0,21245317,0,2014-07-28,15:22:03
2015-08-01,2002,103年,0,0,,0,0,0,0,1,0,2015-07-24,2015-08-26,1587489221,0,0,0,29765423,0,2015-07-07,17:11:28
2016-08-01,2002,104年,0,0,,0,0,0,0,0.5,0,2016-07-26,2016-08-25,0,0,0,0,0,0,2016-07-06,17:06:18
2017-08-01,2002,105年,0,0,,0,0,0,0,0.85,0,2017-07-26,2017-08-25,0,0,0,0,0,0,2017-07-04,17:14:15
2018-08-01,2002,106年,0,0,,0,0,0,0,0.88,0,2018-07-26,2018-08-24,0,0,0,0,0,0,2018-07-05,09:09:53
2019-08-01,2002,107年,0,0,,0,0,0,0,1,0,2019-07-25,2019-08-27,0,0,0,0,0,15734860997,2019-07-04,16:02:25
2020-08-01,2002,108年,0,0,,0,0,0,0,0.5,0,2020-07-24,2020-08-27,0,0,0,0,0,15734860997,2020-07-07,17:42:12
2021-09-06,2002,109年,0,0,,0,0,0,0,0.3,0,2021-08-31,2021-09-17,0,0,0,0,0,15734860997,2021-08-10,15:18:43
2022-08-01,2002,110年,0,0,,0,0,0,0,3.1,0,2022-07-26,2022-08-26,0,0,0,0,0,15734860997,2022-07-04,16:33:49
2023-08-01,2002,111年,0,0,,0,0,0,0,1,0,2023-07-26,2023-08-25,0,0,0,0,0,15734860997,2023-07-06,12:05:41
2012-08-08,5880,100年,0,0.5,2012-08-02,0,0,0,0,0.0358,0.4642,2012-08-02,,378047,1200000000,14.12,14.81,2362794,0,2012-07-26,19:08:57
2013-08-20,5880,101年,0.4,0.2,2013-08-14,0,0,0,0,0.4,0,2013-08-14,,3062359,0,0,0,54441938,0,2013-07-30,18:22:16
2014-08-25,5880,102年,0,0.5,2014-08-19,0,0,0,0,0.5,0,2014-08-19,2014-10-08,1521166,0,0,0,49549395,0,2014-08-05,16:13:54
2015-02-08,5880,103年,0,0,2015-02-02,0,0,0,0,0,0,,,0,1500000000,12.46,14.58,64489023,0,2015-01-26,18:05:51
2015-08-19,5880,103年,0.4,0.1,2015-08-13,0,0,0,0,0.5,0,2015-08-13,2015-09-25,1842544,0,0,0,64489023,0,2015-07-29,18:17:55
2016-08-16,5880,104年,0.7,0,2016-08-10,0,0,0,0,0.3,0,2016-08-10,2016-09-14,0,0,0,0,0,0,2016-07-27,16:17:10
2017-08-22,5880,105年,0.3,0,2017-08-16,0,0,0,0,0.75,0,2017-08-16,2017-09-18,0,0,0,0,0,0,2017-08-15,10:14:42
2018-08-27,5880,106年,0.3,0,2018-08-21,0,0,0,0,0.75,0,2018-08-21,2018-09-21,0,0,0,0,0,0,2018-08-06,16:49:24
2019-08-20,5880,107年,0.3,0,2019-08-14,0,0,0,0,0.75,0,2019-08-14,2019-09-18,0,0,0,0,0,12568784736,2019-07-30,16:03:50
2020-08-18,5880,108年,0.3,0,2020-08-12,0,0,0,0,0.85,0,2020-08-12,2020-09-16,0,0,0,0,0,12945848278,2020-07-28,15:24:55
2021-08-17,5880,109年,0,0,,0,0,0,0,0.85,0,2021-08-11,2021-08-31,0,0,0,0,0,13334223726,2021-07-27,17:11:23
2021-09-14,5880,109年,0.2,0,2021-09-08,0,0,0,0,0,0,,,0,0,0,0,0,13334223726,2021-08-25,12:00:09
2022-08-16,5880,110年,0.3,0,2022-08-10,0,0,0,0,1,0,2022-08-10,2022-09-13,0,0,0,0,0,13600908200,2022-07-27,16:40:40
2023-08-15,5880,111年,0,0.5,2023-08-09,0,0,0,0,0.12,0.38,2023-08-09,2023-09-12,0,0,0,0,0,14008935446,2023-07-25,09:40:13
2011-07-23,2610,99年,0,0,,0,0,0,0,0.4,0,2011-07-15,,61037959,0,0,0,0,0,2011-07-01,17:48:19
2012-01-15,2610,100年,0,0,2012-01-09,0,0,0,0,0,0,,,0,568377649,9.82,11.73,0,0,2012-01-02,17:08:52
2016-07-31,2610,104年,0,0,,0,0,0,0,0.45852238,0,2016-07-25,2016-08-24,0,0,0,0,0,0,2016-07-11,10:47:44
2018-08-14,2610,106年,0,0,,0,0,0,0,0.218182,0,2018-08-08,2018-09-12,0,0,0,0,0,0,2018-07-24,15:31:22
2019-07-29,2610,107年,0,0,,0,0,0,0,0.20960737,0,2019-07-23,2019-08-27,0,0,0,0,0,5420984650,2019-07-08,11:51:44
2022-07-12,2610,110年,0,0,,0,0,0,0,0.83145736,0,2022-07-06,2022-08-09,0,0,0,0,0,6013537444,2022-06-21,17:13:57
2023-07-16,2610,111年,0,0,,0,0,0,0,0.4602191,0,2023-07-10,2023-08-11,0,0,0,0,0,6023668578,2023-06-20,17:59:57
2011-07-13,2409,99年,0,0,,0,0,0,0,0.4,0,2011-07-07,,891461869,0,0,0,30116955,0,2011-06-13,09:22:22
2014-08-01,2409,102年,0,0,,0,0,0,0,0.01,0.14,2014-07-24,,564350772,0,0,0,11287015,0,2014-06-30,17:34:31
2015-07-12,2409,103年,0,0,,0,0,0,0,0.5,0,2015-07-06,2015-08-20,1189921581,0,0,0,47596863,0,2015-06-05,17:40:08
2016-07-15,2409,104年,0,0,,0,0,0,0,0.35,0,2016-07-07,2016-08-31,0,0,0,0,0,0,2016-06-17,17:18:25
2017-07-09,2409,105年,0,0,,0,0,0,0,0.56,0,2017-07-03,2017-07-28,0,0,0,0,0,0,2017-06-15,17:18:42
2018-07-20,2409,106年,0,0,,0,0,0,0,1.5,0,2018-07-12,2018-08-17,0,0,0,0,0,0,2018-06-26,17:21:53
2019-07-19,2409,107年,0,0,,0,0,0,0,0.5,0,2019-07-11,2019-08-16,0,0,0,0,0,9624245115,2019-06-25,17:37:26
2021-07-02,2409,109年,0,0,,0,0,0,0,0.3,0,2021-06-24,2021-07-30,0,0,0,0,0,9503222815,2021-06-08,09:52:34
2022-07-10,2409,110年,0,0,,0,0,0,0,1,0,2022-07-04,2022-08-05,0,0,0,0,0,9575823815,2022-06-20,10:28:09
2023-08-18,2409,111年,0,0,,0,0,0,0,0,0.8,2023-08-10,2023-08-31,0,0,0,0,0,7667880972,2023-07-26,14:57:04
2010-08-18,2880,98年,0.549999999,0,2010-08-12,0,0,0,0,0.2,0,2010-08-12,,6156625,0,0,0,61566252,0,2010-07-29,10:41:26
2011-08-17,2880,99年,0.6,0,2011-08-11,0,0,0,0,0.3,0,2011-08-11,,5473184,0,0,0,54731840,0,2011-07-27,14:44:58
2011-11-13,2880,100年,0,0,2011-11-07,0,0,0,0,0,0,,,0,1200000000,12.83,16.67,54731840,0,2011-10-31,16:41:09
2012-08-21,2880,100年,0.5,0,2012-08-15,0,0,0,0,0.5,0,2012-08-15,,6411744,0,0,0,76897867,0,2012-07-31,17:12:54
2013-08-21,2880,101年,0.5,0,2013-08-15,0,0,0,0,0.5,0,2013-08-15,,6387124,0,0,0,79839048,0,2013-07-30,16:12:53
2014-08-22,2880,102年,0.3,0,2014-08-14,0,0,0,0,0.7,0,2014-08-14,2014-09-05,7382335,0,0,0,90460926,0,2014-07-29,15:56:35
2015-08-21,2880,103年,0.62,0,2015-08-13,0,0,0,0,0.62,0,2015-08-13,2015-09-04,11647673,0,0,0,118178502,0,2015-07-29,09:29:50
2016-08-25,2880,104年,0.62,0,2016-08-18,0,0,0,0,0.63,0,2016-08-18,2016-09-09,0,0,0,0,0,0,2016-07-29,10:50:43
2017-08-25,2880,105年,0.5,0,2017-08-17,0,0,0,0,0.7,0,2017-08-17,2017-09-15,0,0,0,0,0,0,2017-08-02,15:13:19
2018-08-24,2880,106年,0.45,0,2018-08-16,0,0,0,0,0.5,0,2018-08-16,2018-09-14,0,0,0,0,0,0,2018-07-31,15:28:34
2019-08-23,2880,107年,0.545,0,2019-08-15,0,0,0,0,0.545,0,2019-08-15,2019-09-12,0,0,0,0,0,11543613256,2019-07-30,09:46:54
2020-08-21,2880,108年,0.5603,0,2020-08-13,0,0,0,0,0.5603,0,2020-08-13,2020-09-11,0,0,0,0,0,12172740178,2020-07-29,10:04:35
2021-09-24,2880,109年,0.264,0,2021-09-16,0,0,0,0,0.265,0,2021-09-16,2021-10-08,0,0,0,0,0,12854778810,2021-08-27,17:54:00
2022-08-19,2880,110年,0.34,0,2022-08-11,0,0,0,0,0.78,0,2022-08-11,2022-09-08,0,0,0,0,0,13194144970,2022-07-26,16:46:07
2023-08-25,2880,111年,0,0,,0,0,0,0,0.59,0,2023-08-17,2023-09-08,0,0,0,0,0,13642745898,2023-08-02,09:09:07
2010-07-20,2308,98年,0,0,,0,0,0,0,4.19902898,0,2010-07-14,,2156670465,0,0,0,16700000,0,2010-06-29,14:55:35
2011-08-01,2308,99年,0,0,,0,0,0,0,5.19546489,0,2011-07-26,,2914389805,0,0,0,16700000,0,2011-07-07,18:22:24
2012-07-25,2308,100年,0,0,,0,0,0,0,3.49448218,0,2012-07-19,,1536340278,0,0,0,16700000,0,2012-07-02,16:40:38
2013-07-14,2308,101年,0,0,,0,0,0,0,5.29101501,0,2013-07-08,,2047925270,0,0,0,30400000,0,2013-06-21,14:30:22
2014-07-10,2308,102年,0,0,,0,0,0,0,5.8,0,2014-07-03,,2492438453,0,0,0,30400000,0,2014-06-18,15:58:46
2015-07-06,2308,103年,0,0,,0,0,0,0,6.7,0,2015-06-30,2015-07-24,2893927829,0,0,0,32900000,0,2015-06-12,17:26:39
2015-11-22,2308,104年,0,0,2015-11-16,0,0,0,0,0,0,,,0,160000000,5.25,150,32900000,0,2015-11-09,17:01:22
2016-07-13,2308,104年,0,0,,0,0,0,0,5,0,2016-07-07,2016-07-29,0,0,0,0,0,0,2016-06-17,14:55:06
2017-07-09,2308,105年,0,0,,0,0,0,0,5,0,2017-07-03,2017-07-28,0,0,0,0,0,0,2017-06-14,16:48:16
2018-07-08,2308,106年,0,0,,0,0,0,0,5,0,2018-07-02,2018-07-27,0,0,0,0,0,0,2018-06-15,10:40:31
2019-07-08,2308,107年,0,0,,0,0,0,0,5,0,2019-07-02,2019-07-26,0,0,0,0,0,2597543329,2019-06-18,11:28:05
2020-07-08,2308,108年,0,0,,0,0,0,0,5,0,2020-07-02,2020-07-29,0,0,0,0,0,2597543329,2020-06-17,18:33:36
2021-07-26,2308,109年,0,0,,0,0,0,0,5.5,0,2021-07-20,2021-08-12,0,0,0,0,0,2597543329,2021-07-06,18:00:35
2022-07-05,2308,110年,0,0,,0,0,0,0,5.5,0,2022-06-29,2022-07-28,0,0,0,0,0,2597543329,2022-06-16,10:53:28
2023-07-08,2308,111年,0,0,,0,0,0,0,9.84,0,2023-06-30,2023-07-28,0,0,0,0,0,2597543329,2023-06-15,11:10:50
2010-07-19,1303,99年,0,0,,0,0,0,0,1.9,0,2010-07-13,,34375000,0,0,0,27232000,0,2010-06-23,15:58:51
2011-07-19,1303,100年,0,0,,0,0,0,0,4.7,0,2011-07-13,,97945043,0,0,0,0,0,2011-06-28,18:57:44
2012-07-17,1303,101年,0,0,,0,0,0,0,2.1,0,2012-07-11,,39829922,0,0,0,0,0,2012-06-22,18:13:50
2013-08-13,1303,101年,0.1,0,2013-08-07,0,0,0,0,0.3,0,2013-08-07,,13643958,0,0,0,0,0,2013-07-22,17:42:46
2014-07-15,1303,102年,0,0,,0,0,0,0,1.9,0,2014-07-09,,16916982,0,0,0,0,0,2014-06-24,11:35:46
2015-07-17,1303,103年,0,0,,0,0,0,0,2.3,0,2015-07-09,2015-08-05,38442214,0,0,0,0,0,2015-06-25,14:32:56
2016-07-25,1303,104年,0,0,,0,0,0,0,3.3,0,2016-07-19,2016-08-17,0,0,0,0,0,0,2016-06-30,17:48:36
2017-07-24,1303,105年,0,0,,0,0,0,0,4.5,0,2017-07-18,2017-08-11,0,0,0,0,0,0,2017-06-28,16:04:02
2018-07-16,1303,106年,0,0,,0,0,0,0,5.1,0,2018-07-10,2018-08-03,0,0,0,0,0,0,2018-06-25,17:33:17
2019-07-09,1303,107年,0,0,,0,0,0,0,5,0,2019-07-03,2019-08-06,0,0,0,0,0,7930821589,2019-06-18,16:35:06
2020-07-13,1303,108年,0,0,,0,0,0,0,2.2,0,2020-07-07,2020-08-05,0,0,0,0,0,7930821589,2020-06-18,16:35:47
2021-08-03,1303,109年,0,0,,0,0,0,0,2.4,0,2021-07-28,2021-08-25,0,0,0,0,0,7930821589,2021-07-12,17:34:07
2022-07-12,1303,110年,0,0,,0,0,0,0,7.5,0,2022-07-06,2022-08-09,0,0,0,0,0,7930821589,2022-06-17,17:36:05
2023-07-05,1303,111年,0,0,,0,0,0,0,3,0,2023-06-29,2023-07-28,0,0,0,0,0,7930821589,2023-06-09,11:35:39
2010-08-31,1402,98年,0.2,0,2010-08-25,0,0,0,0,1.3,0,2010-08-25,,300732445,0,0,0,225549334,0,2010-08-10,14:56:04
2011-08-31,1402,99年,0.3,0,2011-08-25,0,0,0,0,2,0,2011-08-25,,470345544,0,0,0,352759158,0,2011-08-10,17:55:57
2012-08-28,1402,100年,0.3,0,2012-08-22,0,0,0,0,1.7,0,2012-08-22,,421266009,0,0,0,315949507,0,2012-08-07,16:07:08
2013-09-02,1402,101年,0.2,0,2013-08-27,0,0,0,0,1.3,0,2013-08-27,,325427992,0,0,0,244070994,0,2013-08-13,11:31:34
2014-09-04,1402,102年,0,0.2,2014-08-28,0,0,0,0,1.3,0,2014-08-28,2014-09-26,287678345,0,0,0,215758759,0,2014-08-11,11:47:05
2015-08-05,1402,103年,0,0.2,2015-07-30,0,0,0,0,1.2,0,2015-07-30,2015-08-28,270860227,0,0,0,203145170,0,2015-07-15,17:31:50
2016-07-22,1402,104年,0,0,,0,0,0,0,1,0,2016-07-14,2016-08-12,0,0,0,0,0,0,2016-06-30,17:31:37
2017-07-28,1402,105年,0,0,,0,0,0,0,0.8,0,2017-07-20,2017-08-18,0,0,0,0,0,0,2017-07-05,17:53:48
2018-07-27,1402,106年,0,0,,0,0,0,0,1.2,0,2018-07-19,2018-08-17,0,0,0,0,0,0,2018-07-04,18:06:48
2019-07-27,1402,107年,0,0,,0,0,0,0,1.8,0,2019-07-19,2019-08-16,0,0,0,0,0,5352875227,2019-07-04,16:42:37
2020-08-02,1402,108年,0,0,,0,0,0,0,1.5,0,2020-07-27,2020-08-20,0,0,0,0,0,5352875227,2020-07-01,14:47:02
2021-08-07,1402,109年,0,0,,0,0,0,0,1.35,0,2021-07-30,2021-08-26,0,0,0,0,0,5352875227,2021-07-14,17:30:34
2022-08-03,1402,110年,0,0,,0,0,0,0,1.5,0,2022-07-28,2022-08-24,0,0,0,0,0,5352875227,2022-07-01,18:03:10
2023-07-23,1402,111年,0,0,,0,0,0,0,1.35,0,2023-07-17,2023-08-11,0,0,0,0,0,5352875227,2023-06-30,16:22:58
2011-07-19,3703,99年,0,0,,0,0,0,0,0.6,0,2011-07-13,,0,0,0,0,0,0,2011-06-28,09:40:33
2012-06-29,3703,100年,0,0,,0,0,0,0,0.5,0,2012-06-21,,2124137,0,0,0,2124137,0,2012-06-07,10:05:46
2013-08-19,3703,101年,0,0,,0,0,0,0,0.5,0,2013-08-13,,2124137,0,0,0,2124137,0,2013-07-26,09:57:14
2014-08-22,3703,102年,0.5,0,2014-08-14,0,0,0,0,0.5,0,2014-08-14,2014-10-01,4248273,0,0,0,4248273,0,2014-07-29,11:48:13
2016-08-15,3703,104年,0,0,,0,0,0,0,0.5,0,2016-08-09,2016-08-31,0,0,0,0,0,0,2016-07-05,09:37:10
2017-08-07,3703,105年,0,0,,0,0,0,0,0.5,0,2017-08-01,2017-08-24,0,0,0,0,0,0,2017-07-05,15:47:54
2018-08-10,3703,106年,0,0,,0,0,0,0,0.6,0,2018-08-02,2018-08-31,0,0,0,0,0,0,2018-06-29,17:05:12
2019-08-09,3703,107年,0,0,,0,0,0,0,0.9,0,2019-08-01,2019-08-30,0,0,0,0,0,823215980,2019-07-11,17:43:45
2020-08-10,3703,108年,0,0,,0,0,0,0,0.5,0,2020-08-04,2020-08-31,0,0,0,0,0,823215980,2020-07-08,09:50:56
2021-07-09,3703,109年,0,0,,0,0,0,0,1.4,0,2021-07-01,2021-07-30,0,0,0,0,0,823215980,2021-06-15,16:49:35
2022-07-08,3703,110年,0,0,,0,0,0,0,1.68,0,2022-06-30,2022-07-29,0,0,0,0,0,823215980,2022-06-15,14:56:25
2023-07-08,3703,111年,0,0,,0,0,0,0,2.5,0,2023-06-30,2023-07-31,0,0,0,0,0,823215980,2023-06-08,17:46:13
2010-08-14,3008,98年,0,0,,0,0,0,0,10,0,2010-08-06,,450082510,0,0,0,22504128,0,2010-07-22,15:22:48
2011-08-11,3008,99年,0,0,,0,0,0,0,13.5,0,2011-08-04,,728117237,0,0,0,36405862,0,2011-07-14,08:57:03
2012-08-15,3008,100年,0,0,,0,0,0,0,17,0,2012-08-09,,936732091,0,0,0,70254905,0,2012-07-23,09:22:08
2013-08-31,3008,101年,0,0,,0,0,0,0,17,0,2013-08-23,,1002595981,0,0,0,75194699,0,2013-08-05,14:43:50
2014-08-27,3008,102年,0,0,,0,0,0,0,28.5,0,2014-08-21,2014-09-11,1732011113,0,0,0,129900832,0,2014-07-29,14:36:56
2015-08-23,3008,103年,0,0,,0,0,0,0,51,0,2015-08-17,2015-09-10,3501692241,0,0,0,262626915,0,2015-07-30,16:19:59
2016-08-24,3008,104年,0,0,,0,0,0,0,63.5,0,2016-08-18,2016-09-08,0,0,0,0,0,0,2016-08-01,15:48:16
2017-08-23,3008,105年,0,0,,0,0,0,0,63.5,0,2017-08-17,2017-09-06,0,0,0,0,0,0,2017-08-01,14:53:34
2018-08-22,3008,106年,0,0,,0,0,0,0,72.5,0,2018-08-16,2018-09-05,0,0,0,0,0,0,2018-07-30,15:51:32
2019-08-12,3008,107年,0,0,,0,0,0,0,68,0,2019-08-06,2019-09-04,0,0,0,0,0,134140197,2019-07-22,15:44:40
2020-08-17,3008,108年,0,0,,0,0,0,0,79,0,2020-08-11,2020-09-03,0,0,0,0,0,134140197,2020-07-28,11:13:11
2021-08-16,3008,109年,0,0,,0,0,0,0,91.5,0,2021-08-10,2021-09-03,0,0,0,0,0,134140197,2021-07-27,17:16:12
2022-01-18,3008,110年前半年度,0,0,,0,0,0,0,31.15608212,0,2022-01-12,2022-02-10,0,0,0,0,0,133468197,2021-12-28,11:27:49
2022-03-21,3008,110年後半年度,0,0,,0,0,0,0,39,0,2022-03-15,2022-04-15,0,0,0,0,0,133468197,2022-02-25,15:30:39
2022-08-25,3008,111年前半年度,0,0,,0,0,0,0,39.5,0,2022-08-18,2022-09-15,0,0,0,0,0,133468197,2022-07-25,15:49:24
2023-03-24,3008,111年後半年度,0,0,,0,0,0,0,46,0,2023-03-16,2023-04-14,0,0,0,0,0,133468197,2023-02-20,16:48:06
2023-08-24,3008,112年前半年度,0,0,,0,0,0,0,26.5,0,2023-08-17,2023-09-14,0,0,0,0,0,133468197,2023-07-24,16:35:38
2011-08-29,2618,99年,0,0,,0,0,0,0,1,0,2011-08-23,,100000000,0,0,0,53000000,0,2011-08-08,17:59:34
2011-09-20,2618,99年,1,0,2011-09-14,0,0,0,0,0,0,,,0,0,0,0,53000000,0,2011-08-30,09:47:04
2014-12-17,2618,103年,0,0,2014-12-11,0,0,0,0,0,0,,,0,600000000,14.73,17,0,0,2014-12-05,11:22:18
2016-08-30,2618,104年,0.5,0,2016-08-24,0,0,0,0,0.3,0,2016-08-24,2016-09-20,0,0,0,0,0,0,2016-08-10,10:28:44
2017-09-04,2618,105年,0.3,0,2017-08-29,0,0,0,0,0.2,0,2017-08-29,2017-09-26,0,0,0,0,0,0,2017-08-11,14:35:58
2018-09-17,2618,106年,0.5,0,2018-09-11,0,0,0,0,0.2,0,2018-09-11,2018-10-09,0,0,0,0,0,0,2018-08-27,09:35:05
2018-12-11,2618,107年,0,0,2018-12-05,0,0,0,0,0,0,,,0,300000000,5.48,13,0,0,2018-11-29,09:22:38
2019-09-13,2618,107年,0.29836678,0,2019-09-05,0,0,0,0,0.49727797,0,2019-09-05,2019-10-07,0,0,0,0,0,4712950694,2019-08-20,18:08:02
2020-09-11,2618,108年,0,0,,0,0,0,0,0.25,0,2020-09-03,2020-10-06,0,0,0,0,0,4853569490,2020-08-19,17:08:25
2021-09-15,2618,不適用,0,0,,0,0,0,0,0,0,,,0,0,0,0,0,5138538667,2021-08-25,17:46:58
2022-08-12,2618,110年,0,0,,0,0,0,0,0.5916945,0,2022-08-04,2022-09-07,0,0,0,0,0,5346225996,2022-07-19,16:28:55
2023-07-22,2618,111年,0,0,,0,0,0,0,0.79907052,0,2023-07-14,2023-08-18,0,0,0,0,0,5369125446,2023-06-28,17:21:28
2011-09-28,2609,99年,1,0,2011-09-22,0,0,0,0,1.25,0,2011-09-22,,156885703,0,0,0,0,0,2011-09-02,14:56:16
2017-10-06,2609,106年,0,0,2017-09-29,0,0,0,0,0,0,,,0,500000000,25.55,12,0,0,2017-09-22,16:55:51
2022-07-03,2609,110年,0,0,,0,0,0,0,20,0,2022-06-27,2022-07-29,0,0,0,0,0,3492104270,2022-06-09,17:30:54
2023-07-10,2609,111年,0,0,,0,0,0,0,20,0,2023-07-04,2023-08-03,0,0,0,0,0,3492104270,2023-06-13,14:35:38
2010-07-11,2887,98年,0,0,,0,0,0,0,0,0,,,588741,0,0,0,117748129,0,2010-06-21,10:29:44
2010-08-18,2887,98年,1.1,0,2010-08-12,0,0,0,0,0,0,,,0,0,0,0,117748129,0,2010-07-27,17:23:15
2011-08-06,2887,99年,0.7,0,2011-07-29,0,0,0,0,0.23,0,2011-07-29,,551580,0,0,0,110315910,0,2011-07-15,14:09:02
2012-07-25,2887,100年,0,0,,0,0,0,0,0,0,,,0,0,0,0,70536523,0,2012-07-04,09:06:21
2012-08-12,2887,100年,0.8954873788,0,2012-08-06,0,0,0,0,0.22387184,0,2012-08-06,,705365,0,0,0,70536523,0,2012-07-20,18:11:43
2013-08-18,2887,101年,0.8909027479,0,2013-08-12,0,0,0,0,0.22272568,0,2013-08-12,,767471,0,0,0,76747088,0,2013-07-26,10:18:05
2014-02-25,2887,102年,0,0,2014-02-19,0,0,0,0,0,0,,,0,500000000,4.85,12,114698322,0,2014-02-12,09:30:16
2014-08-25,2887,102年,0.9933352716,0,2014-08-19,0,0,0,0,0.42575295,0,2014-08-19,2014-09-05,1146983,0,0,0,114698322,0,2014-08-05,18:43:38
2015-07-19,2887,103年,0,0,,0,0,0,0,0.0508367,0.0491633,2015-07-13,2015-07-31,45031,0,0,0,4503147,0,2015-06-26,18:12:28
2016-08-30,2887,104年,0.7236247824,0,2016-08-24,0,0,0,0,0.48241645,0,2016-08-24,2016-09-14,0,0,0,0,0,0,2016-08-09,16:20:56
2016-11-29,2887,105年,0,0,2016-11-23,0,0,0,0,0,0,,,0,500000000,3.8,0,0,0,2016-11-08,17:49:29
2017-07-17,2887,105年,0,0,,0,0,0,0,0,0,,2017-07-28,0,0,0,0,0,0,2017-06-26,17:39:11
2017-08-22,2887,105年,0.4296675837,0,2017-08-16,0,0,0,0,0.52514935,0,2017-08-16,2017-09-07,0,0,0,0,0,0,2017-07-31,15:23:18
2018-07-10,2887,106年,0,0,,0,0,0,0,0,0,,2018-07-20,0,0,0,0,0,0,2018-06-15,16:16:18
2018-08-28,2887,106年,0.4433793272,0,2018-08-22,0,0,0,0,0.54190797,0,2018-08-22,2018-09-14,0,0,0,0,0,0,2018-08-07,17:03:52
2018-10-16,2887,107年,0,0,2018-10-09,0,0,0,0,0,0,,,0,300000000,2.02,50,0,0,2018-10-02,18:09:57
2019-07-15,2887,107年,0,0,,0,0,0,0,0,0,,2019-07-25,0,0,0,0,0,10438356070,2019-06-24,17:57:00
2019-08-18,2887,107年,0.2079613963,0,2019-08-12,0,0,0,0,0.5083501,0,2019-08-12,2019-09-09,0,0,0,0,0,10438971070,2019-07-26,18:02:10
2020-08-17,2887,108年,0.2313481733,0,2020-08-11,0,0,0,0,0.56551766,0,2020-08-11,2020-09-09,0,0,0,0,0,10661929870,2020-07-24,15:03:48
2021-09-13,2887,109年,0.4542636893,0,2021-09-07,0,0,0,0,0.55521108,0,2021-09-07,2021-10-05,0,0,0,0,0,10913617170,2021-08-20,09:49:42
2022-07-04,2887,不適用,0,0,2022-06-28,0,0,0,0,0,0,,,0,300000000,1.97,17.65,0,11409383170,2022-06-21,17:14:55
2022-08-30,2887,110年,0.495,0,2022-08-24,0,0,0,0,0.605,0,2022-08-24,2022-09-20,0,0,0,0,0,11409383170,2022-08-10,10:50:23
2023-08-01,2887,111年,0.4200000002,0,2023-07-26,0,0,0,0,0.51,0,2023-07-26,2023-08-25,0,0,0,0,0,11974147637,2023-07-10,17:27:13
2010-07-23,1301,99年,0,0,,0,0,0,0,4,0,2010-07-15,,79391204,0,0,0,0,0,2010-06-29,16:59:56
2011-07-17,1301,100年,0,0,,0,0,0,0,6.8,0,2011-07-11,,111899478,0,0,0,0,0,2011-06-24,11:53:32
2012-07-15,1301,101年,0,0,,0,0,0,0,4,0,2012-07-09,,72842751,0,0,0,0,0,2012-06-20,16:54:20
2013-07-23,1301,101年,0.4,0,2013-07-17,0,0,0,0,1.2,0,2013-07-17,,13153022,0,0,0,0,0,2013-07-02,14:19:51
2014-07-11,1301,102年,0,0,,0,0,0,0,1.9,0,2014-07-03,,30000216,0,0,0,0,0,2014-06-19,11:09:30
2015-07-21,1301,103年,0,0,,0,0,0,0,1.7,0,2015-07-15,2015-08-12,26686326,0,0,0,0,0,2015-07-01,11:00:55
2016-07-19,1301,104年,0,0,,0,0,0,0,3.6,0,2016-07-13,2016-08-10,0,0,0,0,0,0,2016-06-23,11:05:39
2017-07-18,1301,105年,0,0,,0,0,0,0,4.6,0,2017-07-12,2017-08-09,0,0,0,0,0,0,2017-06-21,16:56:49
2018-07-17,1301,106年,0,0,,0,0,0,0,5.7,0,2018-07-11,2018-08-08,0,0,0,0,0,0,2018-06-27,10:02:43
2019-07-08,1301,107年,0,0,,0,0,0,0,5.8,0,2019-07-02,2019-08-02,0,0,0,0,0,6365740781,2019-06-18,09:19:42
2020-07-08,1301,108年,0,0,,0,0,0,0,4.4,0,2020-07-02,2020-07-31,0,0,0,0,0,6365740781,2020-06-15,16:16:05
2021-08-07,1301,109年,0,0,,0,0,0,0,2.4,0,2021-07-30,2021-08-27,0,0,0,0,0,6365740781,2021-07-14,14:39:03
2022-07-11,1301,110年,0,0,,0,0,0,0,8.2,0,2022-07-05,2022-08-05,0,0,0,0,0,6365740781,2022-06-20,08:55:44
2023-07-03,1301,111年,0,0,,0,0,0,0,4.2,0,2023-06-27,2023-07-26,0,0,0,0,0,6365740781,2023-06-07,15:33:46
2012-06-04,5871,100年,0,0,,0,0,0,0,2.3,0,2012-05-29,,244771,0,0,0,1958151,0,2012-05-14,16:56:45
2013-07-02,5871,101年,0,0,,0,0,0,0,2,0,2013-06-26,,414105,0,0,0,3312840,0,2013-06-03,09:47:34
2013-09-02,5871,101年,1,0,2013-08-27,0,0,0,0,0,0,,,0,0,0,0,3312840,0,2013-08-12,17:42:36
2014-08-03,5871,102年,1,0,2014-07-28,0,0,0,0,2,0,2014-07-28,,882456,0,0,0,4706432,0,2014-06-17,15:20:47
2015-08-03,5871,103年,0.4,0,2015-07-28,0,0,0,0,2.8,0,2015-07-28,2015-08-27,1023811,0,0,0,5460327,0,2015-06-30,16:39:12
2016-08-08,5871,104年,0,0,,0,0,0,0,3.1,0,2016-08-02,2016-08-31,0,0,0,0,0,0,2016-06-16,17:39:44
2017-08-04,5871,105年,0,0,,0,0,0,0,3.4,0,2017-07-27,2017-08-31,0,0,0,0,0,0,2017-07-11,09:49:27
2018-08-06,5871,106年,0.2,0,2018-07-31,0,0,0,0,3.8,0,2018-07-31,2018-08-31,0,0,0,0,0,0,2018-06-15,16:43:28
2019-08-06,5871,107年,0.3,0,2019-07-31,0,0,0,0,4.2,0,2019-07-31,2019-08-30,0,0,0,0,0,1289514593,2019-07-01,14:58:41
2020-06-29,5871,108年,0.4,0,2020-06-23,0,0,0,0,4.6,0,2020-06-23,2020-07-17,0,0,0,0,0,1328200030,2020-06-09,09:50:19
2020-08-19,5871,不適用,0,0,2020-08-13,0,0,0,0,0,0,,,0,150000000,8.69,100,0,1381328031,2020-08-06,14:45:45
2021-08-11,5871,109年,0.5,0,2021-08-05,0,0,0,0,5,0,2021-08-05,2021-09-03,0,0,0,0,0,1381328031,2021-07-20,19:58:45
2022-06-28,5871,110年,0.5,0,2022-06-22,0,0,0,0,6,0,2022-06-22,2022-07-26,0,0,0,0,0,1450394432,2022-05-25,10:54:00
2023-08-07,5871,111年,0.2,0,2023-08-01,0,0,0,0,6.4,0,2023-08-01,2023-08-31,0,0,0,0,0,1582914153,2023-07-12,15:05:38
2010-07-20,1101,98年,0,0,,0,0,0,0,1.8,0,2010-07-14,,60847156,0,0,0,185157641,0,2010-06-28,17:00:14
2010-12-04,1101,99年,0,0,2010-11-26,0,0,0,0,0,0,,,0,400000000,9.72,27,185157641,0,2010-11-19,17:09:45
2011-08-01,1101,99年,0,0,,0,0,0,0,2,0,2011-07-26,,45349180,0,0,0,229784564,0,2011-07-11,10:44:16
2012-08-01,1101,100年,0,0,,0,0,0,0,1.9,0,2012-07-26,,44914198,0,0,0,71313620,0,2012-07-11,17:37:23
2013-07-31,1101,101年,0,0,,0,0,0,0,1.9,0,2013-07-25,,44670317,0,0,0,71311156,0,2013-07-11,11:20:05
2014-07-23,1101,102年,0,0,,0,0,0,0,2.3,0,2014-07-17,,0,0,0,0,86385293,0,2014-06-30,10:40:36
2015-07-29,1101,103年,0,0,,0,0,0,0,2.49,0,2015-07-23,2015-08-21,58612166,0,0,0,93455858,0,2015-06-24,17:05:37
2016-07-31,1101,104年,0,0,,0,0,0,0,1.33,0,2016-07-25,2016-08-26,0,0,0,0,0,0,2016-07-04,16:27:46
2017-07-31,1101,105年,0,0,,0,0,0,0,1.45,0,2017-07-25,2017-08-25,0,0,0,0,0,0,2017-07-10,14:41:07
2018-08-01,1101,106年,1,0,2018-07-26,0,0,0,0,1.5,0,2018-07-26,2018-08-24,0,0,0,0,0,0,2018-07-11,17:28:09
2018-11-26,1101,107年,0,0,2018-11-20,0,0,0,0,0,0,,,0,200000000,3.13,50,0,0,2018-11-13,17:33:30
2019-08-19,1101,107年,0.70108841,0,2019-08-13,0,0,0,0,3.30513111,0,2019-08-13,2019-09-12,0,0,0,0,0,5100059911,2019-07-29,16:00:28
2020-08-18,1101,108年,0.50016326,0,2020-08-12,0,0,0,0,2.50081632,0,2020-08-12,2020-09-16,0,0,0,0,0,5455837699,2020-07-28,17:27:37
2021-08-18,1101,109年,0,0,,0,0,0,0,3.36811984,0,2021-08-12,2021-09-10,0,0,0,0,0,6114519410,2021-07-28,16:21:20
2022-07-27,1101,110年,0.99928258,0,2022-07-21,0,0,0,0,0.99928258,0,2022-07-21,2022-08-22,0,0,0,0,0,6120564402,2022-07-07,12:05:06
2023-07-17,1101,111年,0,0,,0,0,0,0,0.49971973,0,2023-07-11,2023-08-09,0,0,0,0,0,7136181742,2023-06-21,16:58:45
2010-08-20,2301,98年,0.04999548,0,2010-08-12,11072545,110725450,49.81,0,2.24979687,0,2010-08-12,,603034139,0,0,0,61674409,0,2010-07-29,18:01:44
2011-08-14,2301,99年,0.05,0,2011-08-08,13914924,139149240,55.25,0.01,2.87,0,2011-08-08,,769868858,0,0,0,79031038,0,2011-07-21,18:04:30
2012-08-13,2301,100年,0.05,0,2012-08-07,4421528,44215280,27.95,0,2.27,0,2012-08-07,,819419886,0,0,0,61420359,0,2012-07-23,09:15:14
2013-08-13,2301,101年,0.04980033,0,2013-08-07,3668941,36689410,24.2,0,2.34061583,0,2013-08-07,,897799227,0,0,0,61420359,0,2013-07-24,08:54:28
2014-08-06,2301,102年,0.050036,0,2014-07-31,4084842,40848420,25.98,0,2.71195158,0,2014-07-31,2014-09-12,997212183,0,0,0,70038782,0,2014-07-17,09:09:12
2015-08-16,2301,103年,0.05,0,2015-08-10,4333292,43332920,27.01,0,1.97,0,2015-08-10,2015-09-14,768032808,0,0,0,54924103,0,2015-07-23,15:00:46
2016-08-30,2301,104年,0.04990885,0,2016-08-24,0,0,0,0,2.1860079,0,2016-08-24,2016-09-27,0,0,0,0,0,0,2016-07-28,18:11:27
2017-08-16,2301,105年,0,0,,0,0,0,0,2.92,0,2017-08-10,2017-09-12,0,0,0,0,0,0,2017-07-26,15:44:54
2018-08-18,2301,106年,0,0,,0,0,0,0,0.41,2.51,2018-08-10,2018-09-12,0,0,0,0,0,0,2018-07-26,11:01:42
2019-07-28,2301,107年,0,0,,0,0,0,0,2.92,0,2019-07-22,2019-08-21,0,0,0,0,0,2350867032,2019-07-03,16:12:14
2020-07-03,2301,108年第4季,0,0,,0,0,0,0,3.2,0,2020-06-23,2020-07-24,0,0,0,0,0,2350405032,2020-05-21,17:42:04
2021-07-05,2301,109年第4季,0,0,,0,0,0,0,3.4,0,2021-06-29,2021-07-23,0,0,0,0,0,2350405032,2021-06-11,16:04:23
2021-08-22,2301,110年第2季,0,0,,0,0,0,0,2,0,2021-08-16,2021-09-10,0,0,0,0,0,2350405032,2021-07-30,17:22:15
2022-03-26,2301,110年第4季,0,0,,0,0,0,0,2.5,0,2022-03-18,2022-04-22,0,0,0,0,0,2310405032,2022-02-25,15:17:18
2022-08-22,2301,111年第2季,0,0,,0,0,0,0,1.5,0,2022-08-16,2022-09-08,0,0,0,0,0,2310405032,2022-08-01,15:35:34
2023-03-23,2301,111年第4季,0,0,,0,0,0,0,3,0,2023-03-16,2023-04-21,0,0,0,0,0,2322093032,2023-03-01,16:06:09
2023-08-22,2301,112年第2季,0,0,,0,0,0,0,2,0,2023-08-16,2023-09-08,0,0,0,0,0,2328352232,2023-08-01,15:35:49
2010-07-29,2382,98年,0,0,,0,0,0,0,3.68384028,0,2010-07-22,,1985000000,0,0,0,42000000,0,2010-07-06,16:24:34
2012-08-07,2382,100年,0,0,,0,0,0,0,3.99812339,0,2012-08-01,,2070000000,0,0,0,42000000,0,2012-07-18,10:23:32
2013-08-07,2382,101年,0,0,,0,0,0,0,3.99978622,0,2013-08-01,,2056277103,0,0,0,42000000,0,2013-07-17,15:18:17
2014-08-09,2382,102年,0,0,,0,0,0,0,3.8,0,2014-08-01,2014-09-01,1666000000,0,0,0,40000000,0,2014-07-07,15:11:25
2015-08-04,2382,103年,0,0,,0,0,0,0,4,0,2015-07-29,2015-08-26,1730000000,0,0,0,40000000,0,2015-07-14,16:01:59
2016-08-07,2382,104年,0,0,,0,0,0,0,3.8,0,2016-08-01,2016-08-26,0,0,0,0,0,0,2016-07-12,17:25:55
2017-08-06,2382,105年,0,0,,0,0,0,0,3.5,0,2017-07-31,2017-08-25,0,0,0,0,0,0,2017-07-13,15:44:19
2018-08-05,2382,106年,0,0,,0,0,0,0,3.4,0,2018-07-30,2018-08-24,0,0,0,0,0,0,2018-07-10,15:38:50
2019-08-04,2382,107年,0,0,,0,0,0,0,3.55,0,2019-07-29,2019-08-23,0,0,0,0,0,3862627432,2019-07-12,14:58:31
2020-08-09,2382,108年,0,0,,0,0,0,0,3.7,0,2020-08-03,2020-08-27,0,0,0,0,0,3862627432,2020-07-16,15:47:06
2021-08-01,2382,109年,0,0,,0,0,0,0,5.2,0,2021-07-26,2021-08-19,0,0,0,0,0,3862627432,2021-07-07,15:38:57
2022-08-07,2382,110年,0,0,,0,0,0,0,6.6,0,2022-08-01,2022-08-25,0,0,0,0,0,3862627432,2022-07-15,15:58:54
2023-04-22,2382,111年後半年度,0,0,,0,0,0,0,6,0,2023-04-14,2023-05-19,0,0,0,0,0,3862627432,2023-03-25,14:24:41
2011-09-18,4938,99年,0,0,,0,0,0,0,1.45,0,2011-09-09,,127000000,0,0,0,12000000,0,2011-08-26,10:32:14
2013-10-07,4938,101年,0,0,,0,0,0,0,1.48117354,0,2013-10-01,,299000000,0,0,0,29000000,0,2013-09-13,17:38:59
2014-09-14,4938,102年,0,0,,0,0,0,0,2.76786462,0,2014-09-05,2014-09-30,870000000,0,0,0,85000000,0,2014-08-21,16:46:00
2015-08-10,4938,103年,0,0,,0,0,0,0,4.03741766,0,2015-08-04,2015-08-28,1325000000,0,0,0,131000000,0,2015-07-15,16:22:47
2016-08-08,4938,104年,0,0,,0,0,0,0,5.0297424,0,2016-08-02,2016-08-26,0,0,0,0,0,0,2016-07-18,17:40:27
2017-08-07,4938,105年,0,0,,0,0,0,0,4.92865082,0,2017-08-01,2017-08-30,0,0,0,0,0,0,2017-07-14,16:27:54
2018-08-05,4938,106年,0,0,,0,0,0,0,4.00166594,0,2018-07-30,2018-08-24,0,0,0,0,0,0,2018-07-12,16:26:19
2019-08-06,4938,107年,0,0,,0,0,0,0,3.50089644,0,2019-07-31,2019-08-23,0,0,0,0,0,2611211056,2019-07-11,10:50:52
2020-07-06,4938,108年,0,0,,0,0,0,0,4.50048404,0,2020-06-30,2020-07-30,0,0,0,0,0,2610511056,2020-06-11,17:31:12
2021-07-06,4938,109年,0,0,,0,0,0,0,4.48877769,0,2021-06-30,2021-07-29,0,0,0,0,0,2669531056,2021-06-16,09:56:06
2022-07-06,4938,110年,0,0,,0,0,0,0,5.00137591,0,2022-06-30,2022-07-28,0,0,0,0,0,2667926391,2022-06-16,09:20:40
2023-07-10,4938,111年,0,0,,0,0,0,0,4.00341673,0,2023-07-04,2023-07-27,0,0,0,0,0,2664580353,2023-06-15,09:30:51
2010-08-18,3702,98年,1.799215,0,2010-08-12,0,0,0,0,1.999128,0,2010-08-12,,20000000,0,0,0,27000000,0,2010-07-28,18:59:01
2011-08-20,3702,99年,0,0.9,2011-08-12,0,0,0,0,2.1,0,2011-08-12,,35000000,0,0,0,33000000,0,2011-07-29,15:04:20
2012-07-31,3702,100年,0,0,,0,0,0,0,2.6,0,2012-07-25,,41000000,0,0,0,36000000,0,2012-07-12,14:11:18
2013-07-31,3702,101年,0,0,,0,0,0,0,2.4,0,2013-07-25,,48000000,0,0,0,37000000,0,2013-07-10,16:42:08
2014-08-15,3702,102年,0,0,,0,0,0,0,2.3,0,2014-08-07,2014-09-10,57000000,0,0,0,37000000,0,2014-07-24,09:24:33
2015-08-12,3702,103年,0,0,,0,0,0,0,2.5,0,2015-08-06,2015-09-04,20891890,0,0,0,33323286,0,2015-07-23,14:47:16
2016-08-07,3702,104年,0,0,,0,0,0,0,2.4,0,2016-08-01,2016-08-30,0,0,0,0,0,0,2016-07-15,16:10:47
2017-08-19,3702,105年,0,0,,0,0,0,0,2.28940817,0,2017-08-11,2017-09-08,0,0,0,0,0,0,2017-07-28,09:41:06
2018-07-31,3702,106年,0,0,,0,0,0,0,2.4,0,2018-07-25,2018-08-24,0,0,0,0,0,0,2018-07-10,16:01:24
2019-08-26,3702,不適用,0,0,2019-08-20,0,0,0,0,0,0,,,0,200000000,9.53,50,0,1679056833,2019-08-13,17:36:48
2020-08-08,3702,108年,0,0,,0,0,0,0,2.4,0,2020-07-31,2020-08-28,0,0,0,0,0,1679056833,2020-07-16,16:56:51
2021-08-17,3702,109年,0,0,,0,0,0,0,3.1,0,2021-08-11,2021-08-31,0,0,0,0,0,1679056833,2021-07-28,10:04:35
2022-07-25,3702,110年,0,0,,0,0,0,0,3.5,0,2022-07-19,2022-08-15,0,0,0,0,0,1679056833,2022-07-04,17:45:56
2023-07-31,3702,111年,0,0,,0,0,0,0,3.85,0,2023-07-25,2023-08-21,0,0,0,0,0,1679056833,2023-07-10,16:32:34
2011-08-15,1309,99年,1.2,0,2011-08-09,0,0,0,0,0.5,0,2011-08-09,,4800000,0,0,0,0,0,2011-07-26,12:02:03
2012-08-15,1309,100年,0.5,0,2012-08-09,0,0,0,0,0.2,0,2012-08-09,,2500000,0,0,0,0,0,2012-07-26,14:39:21
2019-08-02,1309,107年,0.2,0,2019-07-25,0,0,0,0,0.2,0,2019-07-25,2019-08-23,0,0,0,0,0,327651855,2019-07-09,17:11:23
2020-07-29,1309,108年,0.3,0,2020-07-23,0,0,0,0,0.3,0,2020-07-23,2020-08-28,0,0,0,0,0,334204892,2020-07-08,14:55:01
2021-09-10,1309,109年,1,0,2021-09-02,0,0,0,0,2,0,2021-09-02,2021-10-07,0,0,0,0,0,344231038,2021-08-18,14:03:18
2022-08-05,1309,110年,0.5,0,2022-07-28,0,0,0,0,2,0,2022-07-28,2022-08-31,0,0,0,0,0,378654141,2022-07-08,16:56:52
2023-08-04,1309,111年,0,0,,0,0,0,0,0.5,0,2023-07-27,2023-08-25,0,0,0,0,0,397586848,2023-07-07,17:14:18
2010-07-14,1326,99年,0,0,,0,0,0,0,4.5,0,2010-07-08,,60041000,0,0,0,0,0,2010-06-22,11:57:41
2011-07-15,1326,100年,0,0,,0,0,0,0,7.5,0,2011-07-07,,181831000,0,0,0,0,0,2011-06-20,19:14:13
2012-07-10,1326,101年,0,0,,0,0,0,0,4,0,2012-07-04,,98457000,0,0,0,0,0,2012-06-18,17:25:27
2013-07-28,1326,101年,0.3,0,2013-07-22,0,0,0,0,0.65,0,2013-07-22,,9716000,0,0,0,0,0,2013-07-04,15:28:23
2014-07-12,1326,102年,0,0,,0,0,0,0,2.5,0,2014-07-04,,51345046,0,0,0,0,0,2014-06-18,15:32:39
2015-07-27,1326,103年,0,0,,0,0,0,0,1.2,0,2015-07-21,2015-08-19,24257154,0,0,0,0,0,2015-07-01,11:53:01
2016-07-12,1326,104年,0,0,,0,0,0,0,3.5,0,2016-07-06,2016-08-03,0,0,0,0,0,0,2016-06-21,09:56:35
2017-07-12,1326,105年,0,0,,0,0,0,0,5.6,0,2017-07-06,2017-08-04,0,0,0,0,0,0,2017-06-20,10:04:20
2018-07-11,1326,106年,0,0,,0,0,0,0,7,0,2018-07-05,2018-08-01,0,0,0,0,0,0,2018-06-20,17:29:07
2019-07-02,1326,107年,0,0,,0,0,0,0,6.2,0,2019-06-26,2019-07-30,0,0,0,0,0,5861186291,2019-06-11,17:46:25
2020-07-07,1326,108年,0,0,,0,0,0,0,3.8,0,2020-07-01,2020-07-30,0,0,0,0,0,5861186291,2020-06-11,15:41:07
2021-08-02,1326,109年,0,0,,0,0,0,0,2.5,0,2021-07-27,2021-08-24,0,0,0,0,0,5861186291,2021-07-12,16:20:01
2022-07-04,1326,110年,0,0,,0,0,0,0,4.8,0,2022-06-28,2022-07-29,0,0,0,0,0,5861186291,2022-06-14,10:41:08
2023-06-20,1326,111年,0,0,,0,0,0,0,0.95,0,2023-06-14,2023-07-14,0,0,0,0,0,5861186291,2023-05-30,17:49:18
2010-08-18,2883,98年,0.1,0,2010-08-12,0,0,0,0,0.5,0,2010-08-12,,66000000,0,0,0,40000000,0,2010-07-28,17:50:35
2011-07-19,2883,100年,0,0,,0,0,0,0,0.591818,0,2011-07-13,,78000000,0,0,0,60000000,0,2011-06-28,17:34:14
2011-08-17,2883,99年,0.098636,0,2011-08-11,0,0,0,0,0,0,,,78000000,0,0,0,60000000,0,2011-07-27,17:59:57
2013-07-31,2883,101年,0,0,,0,0,0,0,0.18,0,2013-07-25,,34100000,0,0,0,33000000,0,2013-07-09,16:38:40
2014-07-16,2883,102年,0,0,,0,0,0,0,0.4,0,2014-07-10,,98000000,0,0,0,70000000,0,2014-06-23,16:23:12
2015-07-11,2883,103年,0,0,,0,0,0,0,0.6,0,2015-07-03,2015-07-24,102000000,0,0,0,75000000,0,2015-06-15,16:28:59
2016-06-09,2883,104年,0,0,,0,0,0,0,0.5,0,2016-06-03,2016-06-24,0,0,0,0,0,0,2016-05-19,14:36:08
2017-07-11,2883,105年,0,0,,0,0,0,0,0.5,0,2017-07-05,2017-08-04,0,0,0,0,0,0,2017-06-19,11:42:22
2018-07-18,2883,106年,0,0,,0,0,0,0,0.6,0,2018-07-12,2018-08-10,0,0,0,0,0,0,2018-06-25,16:56:13
2019-07-10,2883,107年,0,0,,0,0,0,0,0.245,0.055,2019-07-04,2019-07-31,0,0,0,0,0,14965982132,2019-06-17,11:42:42
2020-07-12,2883,108年,0,0,,0,0,0,0,0.6,0,2020-07-06,2020-07-31,0,0,0,0,0,14971097599,2020-06-16,11:53:36
2021-08-16,2883,109年,0,0,,0,0,0,0,0.54973791,0,2021-08-10,2021-09-03,0,0,0,0,0,14997001461,2021-07-23,11:22:24
2022-07-12,2883,110年,0,0,,0,0,0,0,1.00007775,0,2022-07-06,2022-08-03,0,0,0,0,0,16847243631,2022-06-21,20:34:28
2010-07-11,3045,98年,0,0,,0,0,0,0,5.02783,0,2010-07-05,,374825512,0,0,0,37482551,0,2010-06-18,18:15:16
2011-07-08,3045,99年,0,0,,0,0,0,0,4.1619,0,2011-06-30,,373059447,0,0,0,37305945,0,2011-06-16,09:19:55
2012-07-15,3045,100年,0,0,,0,0,0,0,5.16,0,2012-07-09,,362844193,0,0,0,36284419,0,2012-06-22,18:23:27
2013-07-14,3045,101年,0,0,,0,0,0,0,5.4,0.1,2013-07-08,,396673322,0,0,0,39667332,0,2013-06-21,17:04:38
2014-07-05,3045,102年,0,0,,0,0,0,0,5.6,0,2014-06-27,,420753082,0,0,0,42075308,0,2014-06-12,15:31:37
2015-07-04,3045,103年,0,0,,0,0,0,0,5.6,0,2015-06-26,2015-07-17,396056971,0,0,0,33845697,0,2015-06-10,16:27:59
2016-07-06,3045,104年,0,0,,0,0,0,0,5.6,0,2016-06-30,2016-07-21,0,0,0,0,0,0,2016-06-15,17:23:52
2017-07-17,3045,105年,0,0,,0,0,0,0,5.208,0.392,2017-07-11,2017-08-03,0,0,0,0,0,0,2017-06-15,11:35:10
2018-07-16,3045,106年,0,0,,0,0,0,0,5,0.6,2018-07-10,2018-08-01,0,0,0,0,0,0,2018-06-13,09:22:09
2019-07-15,3045,107年,0,0,,0,0,0,0,5.54897,0,2019-07-09,2019-07-31,0,0,0,0,0,2769201493,2019-06-21,16:31:18
2020-07-25,3045,108年,0,0,,0,0,0,0,4.183,0.567,2020-07-17,2020-08-12,0,0,0,0,0,2810624891,2020-07-01,17:35:11
2021-08-29,3045,109年,0,0,,0,0,0,0,3.38353,0.916,2021-08-23,2021-09-11,0,0,0,0,0,2813970069,2021-08-09,10:22:57
2022-07-16,3045,110年,0,0,,0,0,0,0,3.7412,0.5588,2022-07-08,2022-08-03,0,0,0,0,0,2820482002,2022-06-24,08:55:48
2023-07-08,3045,111年,0,0,,0,0,0,0,3.5036,0.7964,2023-06-30,2023-07-26,0,0,0,0,0,2820482002,2023-06-14,09:27:33
2010-08-18,1216,98年,1,0,2010-08-12,0,0,0,0,0.8,0,2010-08-12,,650964871,0,0,0,141494913,0,2010-07-28,15:29:00
2011-08-15,1216,99年,0.6,0,2011-08-09,0,0,0,0,1.4,0,2011-08-09,,955370144,0,0,0,196722710,0,2011-07-22,15:12:48
2012-08-17,1216,100年,0.7,0,2012-08-09,0,0,0,0,1,0,2012-08-09,,817572476,0,0,0,170058260,0,2012-07-24,11:10:16
2013-08-16,1216,101年,0.6,0,2013-08-08,0,0,0,0,1.4,0,2013-08-08,,1017561122,0,0,0,223332114,0,2013-07-22,15:01:05
2014-08-15,1216,102年,0.6,0,2014-08-07,0,0,0,0,1.5,0,2014-08-07,2014-09-11,1068486193,0,0,0,228478232,0,2014-07-15,10:55:06
2015-08-14,1216,103年,0.4,0,2015-08-06,0,0,0,0,1.4,0,2015-08-06,2015-09-10,971108690,0,0,0,199475580,0,2015-07-17,16:48:40
2016-08-12,1216,104年,0,0,,0,0,0,0,2,0,2016-08-04,2016-09-09,0,0,0,0,0,0,2016-07-20,17:17:55
2017-08-11,1216,105年,0,0,,0,0,0,0,2.1,0,2017-08-03,2017-09-08,0,0,0,0,0,0,2017-07-10,10:57:36
2018-08-10,1216,106年,0,0,,0,0,0,0,5.5,0,2018-08-02,2018-09-07,0,0,0,0,0,0,2018-07-13,11:49:05
2019-08-09,1216,107年,0,0,,0,0,0,0,2.5,0,2019-08-01,2019-09-06,0,0,0,0,0,5682015421,2019-07-15,14:34:36
2020-08-14,1216,108年,0,0,,0,0,0,0,2.5,0,2020-08-06,2020-09-11,0,0,0,0,0,5682015421,2020-07-15,10:09:33
2021-09-17,1216,109年,0,0,,0,0,0,0,2.7,0,2021-09-09,2021-10-15,0,0,0,0,0,5682015421,2021-08-18,16:45:27
2022-08-11,1216,110年,0,0,,0,0,0,0,2.7,0,2022-08-04,2022-09-08,0,0,0,0,0,5682015421,2022-07-15,15:59:12
2023-08-11,1216,111年,0,0,,0,0,0,0,3.15,0,2023-08-03,2023-09-08,0,0,0,0,0,5682015421,2023-07-12,15:53:05
2010-08-30,2379,98年,0.1,0,2010-08-24,3668508,36685080,43.48,0.01,3.85,0,2010-08-24,,581813484,0,0,0,55410802,0,2010-08-02,12:04:24
2011-08-30,2379,99年,0.1,0,2011-08-24,1885567,18855670,38.85,0,2.5,0,2011-08-24,,322601948,0,0,0,28388967,0,2011-07-28,15:31:22
2012-08-28,2379,100年,0.1,0,2012-08-22,1726872,17268720,25.98,0,2,0.3,2012-08-22,,263641784,0,0,0,21091340,0,2012-07-24,14:19:44
2013-08-21,2379,101年,0.1,0,2013-08-15,1184045,11840450,19.18,0,1.2,2.2,2013-08-15,,144338614,0,0,0,17764747,0,2013-07-29,11:28:25
2014-09-01,2379,102年,0,0,,0,0,0,0,5,0,2014-08-26,2014-10-02,737608650,0,0,0,38492244,0,2014-08-11,10:28:07
2015-09-08,2379,103年,0,0,,0,0,0,0,6,0,2015-09-02,2015-10-07,1030235732,0,0,0,68017323,0,2015-08-03,08:54:02
2016-09-07,2379,104年,0,0,,0,0,0,0,3,1,2016-09-01,2016-10-05,0,0,0,0,0,0,2016-08-01,09:07:54
2017-09-14,2379,105年,0,0,,0,0,0,0,4,1,2017-09-07,2017-10-13,0,0,0,0,0,0,2017-07-31,10:44:06
2018-09-12,2379,106年,0,0,,0,0,0,0,4.5,1,2018-09-06,2018-10-05,0,0,0,0,0,0,2018-08-21,16:37:20
2019-09-11,2379,107年,0,0,,0,0,0,0,6,1,2019-09-05,2019-10-09,0,0,0,0,0,508095464,2019-08-21,17:31:07
2020-09-14,2379,108年,0,0,,0,0,0,0,9,2,2020-09-08,2020-10-07,0,0,0,0,0,510684875,2020-08-21,16:00:58
2021-09-14,2379,109年,0,0,,0,0,0,0,12,2,2021-09-08,2021-10-07,0,0,0,0,0,510684875,2021-08-24,18:13:41
2022-09-18,2379,110年,0,0,,0,0,0,0,25,2,2022-09-12,2022-10-07,0,0,0,0,0,512863641,2022-08-25,09:58:04
2023-09-17,2379,111年,0,0,,0,0,0,0,26,1,2023-09-11,2023-10-06,0,0,0,0,0,512863641,2023-08-24,16:57:50
2010-08-30,1102,98年,0.3,0,2010-08-24,0,0,0,0,1.8,0,2010-08-24,,269679334,0,0,0,202259500,0,2010-08-06,17:43:56
2011-08-30,1102,99年,0.2,0,2011-08-24,0,0,0,0,1.9,0,2011-08-24,,277769714,0,0,0,208327285,0,2011-08-09,15:51:48
2012-08-27,1102,100年,0.3,0,2012-08-21,0,0,0,0,2.3,0,2012-08-21,,350783467,0,0,0,263087600,0,2012-08-06,17:01:49
2013-09-04,1102,101年,0.2,0,2013-08-29,0,0,0,0,1.7,0,2013-08-29,,264032017,0,0,0,198024013,0,2013-08-15,14:16:28
2014-09-03,1102,102年,0.2,0,2014-08-28,0,0,0,0,1.8,0,2014-08-28,2014-09-25,283487008,0,0,0,212615256,0,2014-08-15,17:09:48
2015-09-07,1102,103年,0,0,,0,0,0,0,2.2,0,2015-09-01,2015-09-25,318072423,0,0,0,238554317,0,2015-08-11,17:18:19
2016-09-06,1102,104年,0,0,,0,0,0,0,1.1,0,2016-08-31,2016-09-30,0,0,0,0,0,0,2016-08-15,18:03:08
2017-09-05,1102,105年,0,0,,0,0,0,0,0.9,0,2017-08-30,2017-09-27,0,0,0,0,0,0,2017-08-11,18:12:21
2018-09-05,1102,106年,0,0,,0,0,0,0,1.2,0,2018-08-30,2018-09-28,0,0,0,0,0,0,2018-08-15,10:04:04
2019-07-30,1102,107年,0,0,,0,0,0,0,2.8,0,2019-07-24,2019-08-16,0,0,0,0,0,3361447198,2019-07-09,10:25:07
2020-07-29,1102,108年,0,0,,0,0,0,0,3,0,2020-07-23,2020-08-18,0,0,0,0,0,3361447198,2020-07-08,11:27:38
2021-08-11,1102,109年,0,0,,0,0,0,0,3.46283787,0,2021-08-05,2021-09-06,0,0,0,0,0,3446057251,2021-07-20,16:19:58
2022-08-03,1102,110年,0,0,,0,0,0,0,3.39965914,0,2022-07-28,2022-08-26,0,0,0,0,0,3545927557,2022-07-13,17:10:04
2023-07-26,1102,111年第4季,0,0,,0,0,0,0,2.29958798,0,2023-07-20,2023-08-17,0,0,0,0,0,3546562881,2023-07-07,15:34:33
2010-08-17,2892,98年,0.25,0,2010-08-11,0,0,0,0,0.5,0,2010-08-11,,750310,0,0,0,25010345,0,2010-07-23,16:12:05
2011-08-06,2892,100年,0.6,0,2011-07-29,0,0,0,0,0.3,0,2011-07-29,,4366869,800000000,9.26,20.5,63287959,0,2011-07-22,14:21:40
2012-08-18,2892,100年,0.55,0.05,2012-08-10,0,0,0,0,0.4,0,2012-08-10,,4857865,0,0,0,68420637,0,2012-07-27,10:35:21
2013-08-10,2892,101年,0.65,0,2013-08-02,0,0,0,0,0.45,0,2013-08-02,,4395098,0,0,0,91564550,0,2013-07-18,17:46:12
2014-08-09,2892,102年,0.7,0,2014-08-01,0,0,0,0,0.5,0,2014-08-01,2014-08-20,4243304,0,0,0,97997772,0,2014-07-17,16:53:45
2015-08-08,2892,103年,0.65,0,2015-07-31,0,0,0,0,0.7,0,2015-07-31,2015-08-20,7403042,1600000000,12.96,14.7,126764413,0,2015-07-24,17:11:08
2016-08-13,2892,104年,0.45,0,2016-08-05,0,0,0,0,0.95,0,2016-08-05,2016-08-25,0,0,0,0,0,0,2016-07-21,18:05:53
2017-08-12,2892,105年,0.2,0,2017-08-04,0,0,0,0,1.2,0,2017-08-04,2017-08-24,0,0,0,0,0,0,2017-07-20,15:57:15
2018-08-18,2892,106年,0.1,0,2018-08-10,0,0,0,0,0.9,0,2018-08-10,2018-08-30,0,0,0,0,0,0,2018-07-26,17:33:47
2019-08-17,2892,107年,0.1,0,2019-08-09,0,0,0,0,1,0,2019-08-09,2019-08-29,0,0,0,0,0,12338557223,2019-07-25,15:43:05
2020-08-15,2892,108年,0.3,0,2020-08-07,0,0,0,0,1.05,0,2020-08-07,2020-08-27,0,0,0,0,0,12461942795,2020-07-24,09:41:57
2021-09-03,2892,109年,0.1,0,2021-08-26,0,0,0,0,0.9,0,2021-08-26,2021-09-15,0,0,0,0,0,12835801078,2021-08-11,17:07:52
2022-08-12,2892,110年,0.2,0,2022-08-04,0,0,0,0,1,0,2022-08-04,2022-08-25,0,0,0,0,0,12964159088,2022-07-20,17:39:44
2023-08-19,2892,111年,0.3,0,2023-08-11,0,0,0,0,0.8,0,2023-08-11,2023-08-31,0,0,0,0,0,13223442269,2023-07-27,17:08:03
2010-08-27,2884,98年,0.39770039,0,2010-08-19,5228000,52280000,3.47,0,0.1988502,0,2010-08-19,,1439250,0,0,0,22698750,0,2010-08-03,12:08:15
2011-08-23,2884,100年,0,0,2011-08-17,0,0,0,0,0,0,,,0,500000000,9.86,15,35655937,0,2011-08-11,09:51:28
2011-09-02,2884,99年,0.7,0,2011-08-25,5469000,54690000,2.01,0,0.2,0,2011-08-25,,3603712,0,0,0,35655937,0,2011-08-01,16:46:40
2012-08-24,2884,100年,0.5,0,2012-08-16,6950000,69500000,2.95,0,0.2,0,2012-08-16,,345625,0,0,0,33359375,0,2012-07-30,17:48:38
2013-08-23,2884,101年,1,0,2013-08-15,12530000,125300000,2.44,0,0.3,0,2013-08-15,,1200187,0,0,0,67853229,0,2013-07-31,20:19:35
2014-04-26,2884,103年,0,0,2014-04-18,0,0,0,0,0,0,,,0,700000000,9.11,15,78646115,0,2014-04-11,17:31:15
2014-08-29,2884,102年,0.89169752,0,2014-08-21,13282625,132826250,2.25,0,0.27642623,0,2014-08-21,2014-09-19,2164145,0,0,0,78646115,0,2014-08-06,15:20:17
2015-08-07,2884,103年,0.8693514,0,2015-07-30,15279576,152795760,2.35,0,0.4346757,0,2015-07-30,2015-08-31,1598734,0,0,0,90000000,0,2015-07-13,17:28:44
2016-08-05,2884,104年,1,0,2016-07-28,0,0,0,0,0.43,0,2016-07-28,2016-08-29,0,0,0,0,0,0,2016-07-13,17:57:40
2017-04-22,2884,106年,0,0,2017-04-14,0,0,0,0,0,0,,,0,700000000,5.99,15,0,0,2017-04-07,17:47:39
2017-08-15,2884,105年,0.74083715,0,2017-08-09,0,0,0,0,0.49080461,0,2017-08-09,2017-09-11,0,0,0,0,0,0,2017-07-19,17:52:19
2018-08-03,2884,106年,0.61261597,0,2018-07-26,0,0,0,0,0.61258403,0,2018-07-26,2018-08-27,0,0,0,0,0,0,2018-07-10,11:51:50
2019-08-02,2884,107年,0.71101405,0,2019-07-25,0,0,0,0,0.70998595,0,2019-07-25,2019-08-27,0,0,0,0,0,10828900000,2019-07-10,10:03:41
2020-08-03,2884,108年,0.79693618,0,2020-07-28,0,0,0,0,0.79106382,0,2020-07-28,2020-08-26,0,0,0,0,0,11619500000,2020-07-10,17:28:08
2021-09-06,2884,109年,0.61111951,0,2021-08-31,0,0,0,0,0.61,0,2021-08-31,2021-09-24,0,0,0,0,0,12567100000,2021-08-16,16:47:34
2022-08-04,2884,110年,0.67392509,0,2022-07-28,0,0,0,0,0.67,0,2022-07-28,2022-08-31,0,0,0,0,0,13354600000,2022-07-14,09:27:20
2023-04-15,2884,不適用,0,0,2023-04-07,0,0,0,0,0,0,,,0,800000000,4.2,20,0,14275100000,2023-03-28,15:59:24
2023-08-03,2884,111年,0.37877029,0,2023-07-27,0,0,0,0,0.18938647,0,2023-07-27,2023-08-30,0,0,0,0,0,15075100000,2023-07-12,16:42:46
2010-08-17,2886,98年,0,0,,0,0,0,0,1,0,2010-08-11,,20637000,0,0,0,64493000,0,2010-07-28,14:15:48
2011-08-29,2886,99年,0.2,0,2011-08-23,0,0,0,0,0.9,0,2011-08-23,,10892000,0,0,0,67998000,0,2011-07-27,14:41:38
2012-08-14,2886,100年,0.15,0,2012-08-08,0,0,0,0,0.85,0,2012-08-08,,10185989,0,0,0,79559000,0,2012-07-25,14:21:17
2013-08-19,2886,101年,0,0,,0,0,0,0,1.1,0,2013-08-13,,10240000,0,0,0,96899000,0,2013-07-24,09:26:10
2013-11-04,2886,102年,0,0,2013-10-29,0,0,0,0,0,0,,,0,1000000000,7.96,21.5,96899000,0,2013-10-22,10:13:24
2014-08-19,2886,102年,0,0,,0,0,0,0,1.11,0,2014-08-13,2014-09-05,10150000,0,0,0,101201000,0,2014-07-24,09:38:35
2015-08-19,2886,103年,0,0,,0,0,0,0,1.4,0,2015-08-13,2015-09-04,10307000,0,0,0,136163000,0,2015-07-28,17:58:08
2015-11-08,2886,104年,0,0,2015-11-02,0,0,0,0,0,0,,,0,1150000000,8.12,21.01,136163000,0,2015-10-26,18:07:09
2016-08-21,2886,104年,0,0,,0,0,0,0,1.5,0,2016-08-15,2016-09-02,0,0,0,0,0,0,2016-07-27,11:16:15
2017-08-16,2886,105年,0,0,,0,0,0,0,1.42,0,2017-08-10,2017-09-01,0,0,0,0,0,0,2017-07-25,18:49:01
2018-08-15,2886,106年,0,0,,0,0,0,0,1.5,0,2018-08-09,2018-09-06,0,0,0,0,0,0,2018-07-25,10:52:31
2019-08-17,2886,107年,0,0,,0,0,0,0,1.7,0,2019-08-09,2019-09-05,0,0,0,0,0,13599823983,2019-07-24,14:06:33
2020-08-19,2886,108年,0,0,,0,0,0,0,1.7,0,2020-08-13,2020-09-04,0,0,0,0,0,13599823983,2020-07-29,15:44:19
2021-08-20,2886,109年,0,0,,0,0,0,0,1.58,0,2021-08-12,2021-09-03,0,0,0,0,0,13599823983,2021-07-28,16:33:22
2022-08-19,2886,110年,0.25,0,2022-08-11,0,0,0,0,1.4,0,2022-08-11,2022-09-16,0,0,0,0,0,13599823983,2022-07-27,17:11:17
2023-08-18,2886,111年,0.08,0,2023-08-10,0,0,0,0,1.24,0,2023-08-10,2023-09-15,0,0,0,0,0,13939819582,2023-07-27,09:12:29
2023-12-16,2886,不適用,0,0,2023-12-08,0,0,0,0,0,0,,,0,350000000,2.08,33,0,12603688836,2023-12-01,16:39:32
2010-07-12,2882,98年,0,0,,0,0,0,0,0.5,0,2010-07-06,,967725,0,0,0,5400000,0,2010-06-21,13:26:17
2010-08-10,2882,98年,0.5,0,2010-08-04,0,0,0,0,0,0,,,0,0,0,0,5400000,0,2010-07-19,16:31:40
2011-07-04,2882,99年,0,0,,0,0,0,0,0.6,0,2011-06-28,,812975,0,0,0,5400000,0,2011-06-13,18:34:51
2011-08-05,2882,99年,0.2,0,2011-07-28,0,0,0,0,0,0,,,0,0,0,0,5400000,0,2011-07-12,15:24:07
2012-07-09,2882,100年,0,0,,0,0,0,0,0.5,0,2012-07-03,,1016093,0,0,0,5400000,0,2012-06-19,15:23:44
2012-08-14,2882,100年,0.5,0,2012-08-08,0,0,0,0,0,0,,,0,0,0,0,5400000,0,2012-07-23,16:43:35
2013-07-27,2882,101年,0,0,2013-07-19,0,0,0,0,0.7,0,2013-07-19,,1493843,353000000,2.65,36,5400000,0,2013-07-15,09:00:44
2013-11-08,2882,101年,0.6775116372,0,2013-10-31,0,0,0,0,0,0,,,0,0,0,0,5400000,0,2013-10-18,09:43:27
2014-06-30,2882,102年,0,0,,0,0,0,0,1.5,0,2014-06-24,,2393562,0,0,0,3300000,0,2014-06-09,15:31:20
2014-08-04,2882,102年,0.5,0,2014-07-29,0,0,0,0,0,0,,,0,0,0,0,3300000,0,2014-07-15,08:45:39
2015-07-07,2882,103年,0,0,,0,0,0,0,2,0,2015-07-01,2015-07-30,2513103,0,0,0,2100000,0,2015-06-12,17:43:16
2016-07-03,2882,104年,0,0,,0,0,0,0,2,0,2016-06-27,2016-07-25,0,0,0,0,0,0,2016-06-08,17:30:08
2016-11-15,2882,104年,0,0,2016-11-09,0,0,0,0,0,0,,,0,833300000,5.31,60,0,0,2016-11-02,17:25:38
2017-07-09,2882,105年,0,0,,0,0,0,0,2,0,2017-07-03,2017-07-31,0,0,0,0,0,0,2017-06-16,17:27:20
2018-06-16,2882,107年,0,0,2018-06-08,0,0,0,0,0,0,,,0,700000000,4.18,60,0,0,2018-06-01,17:22:13
2018-07-02,2882,106年,0,0,,0,0,0,0,2.5,0,2018-06-26,2018-07-24,0,0,0,0,0,0,2018-06-08,17:15:35
2019-07-07,2882,107年,0,0,,0,0,0,0,1.2,0.3,2019-07-01,2019-07-29,0,0,0,0,0,12563210128,2019-06-17,17:30:41
2019-10-20,2882,不適用,0,0,2019-10-14,0,0,0,0,0,0,,,0,606000000,3.44,35,0,12563210128,2019-10-03,17:40:29
2020-07-07,2882,108年,0,0,,0,0,0,0,2,0,2020-07-01,2020-07-29,0,0,0,0,0,13169210128,2020-06-12,17:26:05
2021-08-01,2882,109年,0,0,,0,0,0,0,2.5,0,2021-07-26,2021-08-23,0,0,0,0,0,13169210128,2021-07-09,16:24:04
2022-07-10,2882,110年,0,0,,0,0,0,0,3.5,0,2022-07-04,2022-08-01,0,0,0,0,0,13169210128,2022-06-17,19:09:51
2022-12-11,2882,不適用,0,0,2022-12-05,0,0,0,0,0,0,,,0,1500000000,8.16,35,0,13169210128,2022-11-28,16:36:14
2023-07-04,2882,111年,0,0,,0,0,0,0,0,0.9,2023-06-28,2023-07-26,0,0,0,0,0,14669210128,2023-06-09,18:02:29
2010-08-31,2354,98年,1.4,0,2010-08-25,4863576,48635760,3.45,0.01,0.8,0,2010-08-25,,84,0,0,0,0,0,2010-08-10,18:23:20
2011-08-16,2354,99年,0.5,0,2011-08-10,4080301,40803010,6.83,0,1,0,2011-08-10,,40,0,0,0,0,0,2011-07-26,14:39:46
2012-08-27,2354,100年,0.5,0,2012-08-21,5659992,56599920,8.8,0,1,0,2012-08-21,,15,0,0,0,0,0,2012-08-07,14:32:24
2013-09-01,2354,101年,0.5,0,2013-08-26,7623454,76234540,10.97,0.01,1,0,2013-08-26,,100000036,0,0,0,0,0,2013-08-07,17:34:27
2014-09-03,2354,102年,0.5,0,2014-08-28,4911090,49110900,6.99,0,1,0,2014-08-28,2014-09-30,180000050,0,0,0,0,0,2014-08-13,18:08:30
2015-09-02,2354,103年,0.1,0,2015-08-27,4530866,45308660,24.76,0,2.5,0,2015-08-27,2015-09-30,196969877,0,0,0,0,0,2015-08-12,18:10:12
2016-09-10,2354,104年,0.1,0,2016-09-02,0,0,0,0,3,0,2016-09-02,2016-10-07,0,0,0,0,0,0,2016-08-19,10:00:30
2017-07-21,2354,105年,0,0,,0,0,0,0,3.8,0,2017-07-13,2017-08-10,0,0,0,0,0,0,2017-06-26,10:15:10
2018-07-31,2354,106年,0,0,,0,0,0,0,3.6,0,2018-07-25,2018-08-24,0,0,0,0,0,0,2018-07-10,16:23:35
2019-07-31,2354,107年,0,0,,0,0,0,0,3.2,0,2019-07-25,2019-08-23,0,0,0,0,0,1414485192,2019-07-09,16:54:32
2020-07-31,2354,108年,0,0,,0,0,0,0,2.5,0,2020-07-23,2020-08-21,0,0,0,0,0,1414485192,2020-07-08,17:55:44
2021-07-30,2354,109年,0,0,,0,0,0,0,1.8,0,2021-07-22,2021-08-20,0,0,0,0,0,1414485192,2021-06-24,16:59:45
2022-07-10,2354,110年,0,0,,0,0,0,0,1.7,0,2022-07-04,2022-07-28,0,0,0,0,0,1414485192,2022-06-17,18:20:40
2023-07-10,2354,111年,0,0,,0,0,0,0,1.6,0,2023-07-04,2023-07-28,0,0,0,0,0,1414485192,2023-06-15,17:01:14
2011-09-07,2603,99年,0.99994943,0,2011-09-01,0,0,0,0,0.99994943,0,2011-09-01,,40000000,0,0,0,55000000,0,2011-08-18,09:40:24
2015-07-31,2603,103年,0.1,0,2015-07-23,0,0,0,0,0.1,0,2015-07-23,2015-08-28,15160000,0,0,0,11000000,0,2015-07-09,11:11:47
2017-11-13,2603,106年,0,0,2017-11-07,0,0,0,0,0,0,,,0,500000000,11.39,15.3,0,0,2017-10-31,17:10:42
2018-09-04,2603,106年,0.5,0,2018-08-29,0,0,0,0,0.2,0,2018-08-29,2018-09-27,0,0,0,0,0,0,2018-08-14,15:30:05
2018-11-06,2603,107年,0,0,2018-10-31,0,0,0,0,0,0,,,0,300000000,5.7,10.7,0,0,2018-10-24,16:58:37
2019-11-11,2603,不適用,0,0,2019-11-05,0,0,0,0,0,0,,,0,300000000,5.32,11,0,4512973786,2019-10-29,17:51:24
2021-08-24,2603,109年,0,0,,0,0,0,0,2.48660241,0,2021-08-18,2021-09-10,0,0,0,0,0,5290847369,2021-07-21,17:29:37
2022-07-05,2603,110年,0,0,,0,0,0,0,17.99999637,0,2022-06-29,2022-07-28,0,0,0,0,0,5291050204,2022-06-01,11:30:17
2023-07-08,2603,111年,0,0,,0,0,0,0,70,0,2023-06-30,2023-07-26,0,0,0,0,0,2116420082,2023-05-31,19:44:30
2010-08-03,2454,98年,0.0199983969,0,2010-07-28,7485481,74854810,77.44,0.01,25.99792445,0,2010-07-28,,8558575359,0,0,0,65906870,0,2010-07-09,18:52:31
2011-07-16,2454,99年,0,0,,0,0,0,0,19.99992032,0,2011-07-08,,3863296066,0,0,0,48044605,0,2011-06-23,18:16:40
2012-07-22,2454,100年,0,0,,0,0,0,0,8.99980342,0,2012-07-16,,1714242506,0,0,0,28497144,0,2012-07-02,14:24:01
2013-07-22,2454,101年,0,0,,0,0,0,0,0.49998949,8.49982147,2013-07-16,,895875051,0,0,0,28141659,0,2013-07-02,10:37:38
2014-07-12,2454,102年,0,0,,0,0,0,0,15,0,2014-07-04,,1593475734,0,0,0,57880449,0,2014-06-20,17:00:33
2015-07-21,2454,103年,0,0,,0,0,0,0,21.99993374,0,2015-07-15,2015-08-07,579973639,0,0,0,85307704,0,2015-06-30,16:55:10
2016-07-23,2454,104年,0,0,,0,0,0,0,11,0,2016-07-15,2016-08-11,0,0,0,0,0,0,2016-06-30,17:12:52
2017-07-14,2454,105年,0,0,,0,0,0,0,8,1.5,2017-07-06,2017-08-03,0,0,0,0,0,0,2017-06-21,17:04:01
2018-07-15,2454,106年,0,0,,0,0,0,0,7.5,2.5,2018-07-09,2018-08-02,0,0,0,0,0,0,2018-06-22,15:37:35
2019-07-14,2454,107年,0,0,,0,0,0,0,6,3,2019-07-08,2019-08-01,0,0,0,0,0,1587538871,2019-06-21,16:57:38
2020-07-12,2454,108年,0,0,,0,0,0,0,5.00040913,5.50045004,2020-07-06,2020-07-30,0,0,0,0,0,1588720433,2020-06-18,14:05:12
2021-07-12,2454,109年,0,0,,0,0,0,0,21,16,2021-07-06,2021-07-29,0,0,0,0,0,1590394481,2021-06-21,17:37:04
2022-07-01,2454,110年,0,0,,0,0,0,0,57.00082799,16.00023241,2022-06-23,2022-07-21,0,0,0,0,0,1599047755,2022-06-06,16:48:22
2023-06-30,2454,111年,0,0,,0,0,0,0,62.00538916,14.0012169,2023-06-20,2023-07-20,0,0,0,0,0,1599513243,2023-06-05,18:07:18
2024-01-11,2454,112年前半年度,0,0,,0,0,0,0,24.6,0,2024-01-04,2024-01-31,0,0,0,0,0,1599630657,2023-12-19,17:21:10
2010-05-24,2357,98年,0,0,,0,0,0,0,2.1,0,2010-05-18,,698438530,0,0,0,69843815,0,2010-05-04,14:13:25
2011-08-06,2357,99年,2.2,0,2011-07-29,0,0,0,0,14,0,2011-07-29,,710625213,0,0,0,142125042,0,2011-07-14,16:04:58
2012-08-14,2357,100年,0,0,,0,0,0,0,14.5,0,2012-08-08,,708379127,0,0,0,141675825,0,2012-07-24,17:37:17
2013-08-14,2357,101年,0,0,,0,0,0,0,19.17296825,0,2013-08-08,,971366847,0,0,0,194273368,0,2013-08-06,15:35:57
2014-08-17,2357,102年,0,0,,0,0,0,0,19.5,0,2014-08-11,2014-09-03,928107242,0,0,0,185621448,0,2014-07-25,17:38:28
2015-08-16,2357,103年,0,0,,0,0,0,0,17,0,2015-08-10,2015-09-02,956494657,0,0,0,50341824,0,2015-07-23,16:45:48
2016-08-13,2357,104年,0,0,,0,0,0,0,15,0,2016-08-05,2016-08-31,0,0,0,0,0,0,2016-07-20,18:08:08
2017-08-14,2357,105年,0,0,,0,0,0,0,17,0,2017-08-08,2017-09-05,0,0,0,0,0,0,2017-07-24,11:57:48
2018-07-09,2357,106年,0,0,,0,0,0,0,15,0,2018-07-03,2018-07-31,0,0,0,0,0,0,2018-06-15,15:17:30
2019-07-14,2357,107年,0,0,,0,0,0,0,15,0,2019-07-08,2019-07-31,0,0,0,0,0,742760280,2019-06-20,15:56:51
2020-07-04,2357,108年,0,0,,0,0,0,0,14,0,2020-06-24,2020-07-23,0,0,0,0,0,742760280,2020-06-09,16:54:03
2021-08-08,2357,109年,0,0,,0,0,0,0,26,0,2021-08-02,2021-08-26,0,0,0,0,0,742760280,2021-07-01,16:42:27
2022-08-06,2357,110年,0,0,,0,0,0,0,42,0,2022-07-29,2022-08-25,0,0,0,0,0,742760280,2022-06-22,14:30:25
2023-07-10,2357,111年,0,0,,0,0,0,0,15,0,2023-07-04,2023-07-27,0,0,0,0,0,742760280,2023-06-14,16:23:18
2010-09-21,2474,98年,0,0,,0,0,0,0,2,0,2010-09-15,,33200856,0,0,0,3400000,0,2010-08-30,14:26:01
2011-09-21,2474,99年,0,0,,0,0,0,0,3.68040143,0,2011-09-15,,44298438,0,0,0,3085000,0,2011-08-31,08:58:39
2012-09-07,2474,100年,0,0,,0,0,0,0,4.99997389,0,2012-08-30,,106772328,0,0,0,3085000,0,2012-08-15,15:47:19
2013-09-06,2474,101年,0,0,,0,0,0,0,6,0,2013-08-29,,99034385,0,0,0,6785000,0,2013-08-14,14:31:20
2014-09-23,2474,102年,0,0,,0,0,0,0,4.90222054,0,2014-09-17,2014-10-22,124210657,0,0,0,12240001,0,2014-08-29,17:35:40
2015-08-26,2474,103年,0,0,,0,0,0,0,6,0,2015-08-20,2015-09-24,160892550,0,0,0,16480311,0,2015-08-06,08:06:33
2016-09-14,2474,104年,0,0,,0,0,0,0,10,0,2016-09-08,2016-10-13,0,0,0,0,0,0,2016-08-08,09:09:48
2017-09-21,2474,105年,0,0,,0,0,0,0,10,0,2017-09-14,2017-10-13,0,0,0,0,0,0,2017-08-08,09:30:49
2018-09-24,2474,106年,0,0,,0,0,0,0,12,0,2018-09-18,2018-10-16,0,0,0,0,0,0,2018-08-07,17:06:16
2019-09-22,2474,107年,0,0,,0,0,0,0,12,0,2019-09-16,2019-10-16,0,0,0,0,0,770391069,2019-08-12,10:29:17
2020-09-10,2474,108年後半年度,0,0,,0,0,0,0,10,0,2020-09-03,2020-10-16,0,0,0,0,0,761618069,2020-08-20,11:01:46
2021-09-06,2474,109年後半年度,0,0,,0,0,0,0,12,0,2021-08-31,2021-09-30,0,0,0,0,0,761618068,2021-08-09,10:35:14
2022-09-11,2474,110年後半年度,0,0,,0,0,0,0,10.21394967,0,2022-09-05,2022-09-30,0,0,0,0,0,714467068,2022-08-10,18:03:15
2023-07-06,2474,111年後半年度,0,0,,0,0,0,0,10,0,2023-06-29,2023-07-31,0,0,0,0,0,680364068,2023-06-13,09:33:02
2023-12-13,2474,112年前半年度,0,0,,0,0,0,0,5,0,2023-12-07,2024-01-05,0,0,0,0,0,680364068,2023-11-17,17:04:18
2015-01-11,2353,103年,0,0,2015-01-05,0,0,0,0,0,0,,,0,300000000,8.6,18,0,0,2014-12-26,18:48:22
2016-07-22,2353,104年,0,0,,0,0,0,0,0,0.5,2016-07-14,2016-08-18,0,0,0,0,0,0,2016-06-30,14:48:10
2017-07-20,2353,105年,0,0,,0,0,0,0,0,0.5,2017-07-13,2017-08-17,0,0,0,0,0,0,2017-06-27,17:55:01
2018-07-12,2353,106年,0,0,,0,0,0,0,0,0.7,2018-07-05,2018-08-09,0,0,0,0,0,0,2018-06-20,17:54:57
2019-07-11,2353,107年,0,0,,0,0,0,0,0.77,0,2019-07-04,2019-08-07,0,0,0,0,0,3074933828,2019-06-18,17:00:35
2020-07-10,2353,108年,0,0,,0,0,0,0,0.443909,0.332932,2020-07-02,2020-08-06,0,0,0,0,0,3047853828,2020-06-16,17:34:02
2021-07-06,2353,109年,0,0,,0,0,0,0,1.5,0,2021-06-30,2021-08-05,0,0,0,0,0,3047853828,2021-06-11,09:13:23
2022-07-06,2353,110年,0,0,,0,0,0,0,2.28,0,2022-06-30,2022-08-04,0,0,0,0,0,3047853828,2022-06-16,11:17:58
2023-07-07,2353,111年,0,0,,0,0,0,0,1.5,0,2023-06-29,2023-08-03,0,0,0,0,0,3047853828,2023-06-12,17:27:45
2010-07-19,2207,98年,0,0,,0,0,0,0,4,0,2010-07-13,,29867883,0,0,0,89603650,0,2010-06-28,18:06:47
2011-07-20,2207,99年,0,0,,0,0,0,0,6,0,2011-07-14,,43689060,0,0,0,131067181,0,2011-06-29,18:18:36
2012-07-18,2207,100年,0,0,,0,0,0,0,8,0,2012-07-12,,59273117,0,0,0,177819352,0,2012-06-25,17:16:13
2013-07-23,2207,101年,0,0,,0,0,0,0,9,0,2013-07-17,,67641438,0,0,0,202924315,0,2013-07-03,13:10:18
2014-08-08,2207,102年,0,0,,0,0,0,0,12.6,0,2014-07-31,2014-08-20,68851007,0,0,0,206553022,0,2014-07-16,11:44:30
2015-07-22,2207,103年,0,0,,0,0,0,0,10.5,0,2015-07-16,2015-08-05,82770613,0,0,0,248311839,0,2015-07-08,09:16:40
2016-07-24,2207,104年,0,0,,0,0,0,0,12,0,2016-07-18,2016-08-10,0,0,0,0,0,0,2016-07-01,11:04:05
2017-07-24,2207,105年,0,0,,0,0,0,0,12,0,2017-07-18,2017-08-10,0,0,0,0,0,0,2017-07-03,11:19:49
2018-07-23,2207,106年,0,0,,0,0,0,0,12,0,2018-07-17,2018-08-09,0,0,0,0,0,0,2018-07-02,14:16:21
2019-07-22,2207,107年,0,0,,0,0,0,0,12,0,2019-07-16,2019-08-08,0,0,0,0,0,546179184,2019-07-16,16:20:47
2020-07-20,2207,108年,0,0,,0,0,0,0,14,0,2020-07-14,2020-07-30,0,0,0,0,0,546179184,2020-06-29,17:55:22
2021-07-17,2207,109年,0,0,,0,0,0,0,17,0,2021-07-09,2021-07-28,0,0,0,0,0,546179184,2021-06-24,14:26:10
2022-07-16,2207,110年,0,0,,0,0,0,0,20,0,2022-07-08,2022-07-27,0,0,0,0,0,546179184,2022-06-23,16:42:19
2023-08-09,2207,111年,0.2,0,2023-08-03,0,0,0,0,2,0,2023-08-03,2023-09-07,0,0,0,0,0,546179184,2023-07-18,11:39:57
2010-08-19,2412,98年,0,0,,0,0,0,0,4.06,0,2010-08-12,,1800928610,0,0,0,41211181,0,2010-07-28,15:05:31
2011-07-27,2412,99年,0,0,,0,0,0,0,5.5243,0,2011-07-21,,2144074405,0,0,0,45043580,0,2011-06-30,18:13:40
2012-07-23,2412,100年,0,0,,0,0,0,0,5.4608,0,2012-07-17,,2040089772,0,0,0,44446400,0,2012-06-29,09:41:42
2013-07-23,2412,101年,0,0,,0,0,0,0,4.6295,0.7205,2013-07-17,,1533081870,0,0,0,37483664,0,2013-07-03,13:17:27
2014-07-23,2412,102年,0,0,,0,0,0,0,2.3881,2.137,2014-07-17,,758627105,0,0,0,19303489,0,2014-06-25,10:25:30
2015-07-23,2412,103年,0,0,,0,0,0,0,4.8564,0,2015-07-16,2015-08-27,1510068340,0,0,0,39222554,0,2015-06-29,14:06:11
2016-07-28,2412,104年,0,0,,0,0,0,0,5.4852,0,2016-07-21,2016-08-26,0,0,0,0,0,0,2016-06-27,10:29:46
2017-07-29,2412,105年,0,0,,0,0,0,0,4.9419,0,2017-07-21,2017-08-25,0,0,0,0,0,0,2017-06-26,17:13:07
2018-07-29,2412,106年,0,0,,0,0,0,0,4.796,0,2018-07-23,2018-08-24,0,0,0,0,0,0,2018-06-20,17:40:41
2019-07-31,2412,107年,0,0,,0,0,0,0,4.479,0,2019-07-25,2019-08-28,0,0,0,0,0,7757446545,2019-06-24,10:56:26
2020-07-08,2412,108年,0,0,,0,0,0,0,4.226,0,2020-07-02,2020-08-06,0,0,0,0,0,7757446545,2020-06-09,09:19:14
2021-08-31,2412,109年,0,0,,0,0,0,0,4.306,0,2021-08-25,2021-09-28,0,0,0,0,0,7757446545,2021-08-09,14:53:30
2022-07-07,2412,110年,0,0,,0,0,0,0,4.608,0,2022-06-30,2022-08-05,0,0,0,0,0,7757446545,2022-06-02,15:14:18
2023-07-06,2412,111年,0,0,,0,0,0,0,4.702,0,2023-06-29,2023-08-04,0,0,0,0,0,7757446545,2023-06-05,11:36:27
2010-07-12,2330,98年,0,0,,0,0,0,0,2.99973242,0,2010-07-06,,6691337704,0,0,0,67692222,0,2010-06-21,17:06:43
2011-07-05,2330,99年,0,0,,0,0,0,0,2.99951326,0,2011-06-29,,10908338094,0,0,0,51131000,0,2011-06-14,18:50:31
2012-07-10,2330,100年,0,0,,0,0,0,0,2.99948071,0,2012-07-04,,8990026475,0,0,0,62323764,0,2012-06-19,16:48:33
2013-07-09,2330,101年,0,0,,0,0,0,0,2.9995522,0,2013-07-03,,11115239772,0,0,0,71351700,0,2013-06-18,15:16:36
2014-07-20,2330,102年,0,0,,0,0,0,0,2.99991232,0,2014-07-14,,12634664804,0,0,0,104136580,0,2014-06-27,18:08:06
2015-07-05,2330,103年,0,0,,0,0,0,0,4.49987539,0,2015-06-29,2015-07-23,17645966064,0,0,0,406853980,0,2015-06-11,16:40:18
2016-07-03,2330,104年,0,0,,0,0,0,0,6,0,2016-06-27,2016-07-21,0,0,0,0,0,0,2016-06-08,15:26:18
2017-07-02,2330,105年,0,0,,0,0,0,0,7,0,2017-06-26,2017-07-20,0,0,0,0,0,0,2017-06-09,20:16:38
2018-07-01,2330,106年,0,0,,0,0,0,0,8,0,2018-06-25,2018-07-19,0,0,0,0,0,0,2018-06-07,17:31:43
2019-06-30,2330,107年,0,0,,0,0,0,0,8,0,2019-06-24,2019-07-18,0,0,0,0,0,25930380458,2019-06-06,15:47:30
2019-09-25,2330,108年第1季,0,0,,0,0,0,0,2,0,2019-09-19,2019-10-17,0,0,0,0,0,25930380458,2019-07-09,18:33:02
2019-12-25,2330,108年第2季,0,0,,0,0,0,0,2.5,0,2019-12-19,2020-01-16,0,0,0,0,0,25930380458,2019-08-14,15:27:02
2020-03-25,2330,108年第3季,0,0,,0,0,0,0,2.5,0,2020-03-19,2020-04-16,0,0,0,0,0,25930380458,2019-11-14,17:01:07
2020-06-24,2330,108年第4季,0,0,,0,0,0,0,2.5,0,2020-06-18,2020-07-16,0,0,0,0,0,25930380458,2020-02-14,15:10:50
2020-09-23,2330,109年第1季,0,0,,0,0,0,0,2.5,0,2020-09-17,2020-10-15,0,0,0,0,0,25930380458,2020-05-14,10:51:55
2020-12-23,2330,109年第2季,0,0,,0,0,0,0,2.5,0,2020-12-17,2021-01-14,0,0,0,0,0,25930380458,2020-08-17,14:14:09
2021-03-23,2330,109年第3季,0,0,,0,0,0,0,2.5,0,2021-03-17,2021-04-15,0,0,0,0,0,25930380458,2020-11-12,17:05:40
2021-06-23,2330,109年第4季,0,0,,0,0,0,0,2.5,0,2021-06-17,2021-07-15,0,0,0,0,0,25930380458,2021-03-22,15:58:28
2021-09-22,2330,110年第1季,0,0,,0,0,0,0,2.75,0,2021-09-16,2021-10-14,0,0,0,0,0,25930380458,2021-06-16,16:04:33
2021-12-22,2330,110年第2季,0,0,,0,0,0,0,2.75,0,2021-12-16,2022-01-13,0,0,0,0,0,25930380458,2021-08-13,17:15:33
2022-03-22,2330,110年第3季,0,0,,0,0,0,0,2.75,0,2022-03-16,2022-04-14,0,0,0,0,0,25930380458,2022-03-01,18:07:32
2022-06-22,2330,110年第4季,0,0,,0,0,0,0,2.75,0,2022-06-16,2022-07-14,0,0,0,0,0,25930380458,2022-05-18,18:08:54
2022-09-21,2330,111年第1季,0,0,,0,0,0,0,2.75,0,2022-09-15,2022-10-13,0,0,0,0,0,25930380458,2022-08-30,16:21:02
2022-12-21,2330,111年第2季,0,0,,0,0,0,0,2.75,0,2022-12-15,2023-01-12,0,0,0,0,0,25930380458,2022-11-30,15:47:04
2023-03-22,2330,111年第3季,0,0,,0,0,0,0,2.74982072,0,2023-03-16,2023-04-13,0,0,0,0,0,25932070992,2023-03-01,18:28:29
2023-06-21,2330,111年第4季,0,0,,0,0,0,0,2.74982072,0,2023-06-15,2023-07-13,0,0,0,0,0,25932070992,2023-05-31,18:00:54
2023-09-20,2330,112年第1季,0,0,,0,0,0,0,3,0,2023-09-14,2023-10-12,0,0,0,0,0,25932070992,2023-08-30,16:11:42
2023-12-20,2330,112年第2季,0,0,,0,0,0,0,3,0,2023-12-14,2024-01-11,0,0,0,0,0,25932070992,2023-11-29,17:48:27
2010-08-17,2881,98年,0.49946376,0,2010-08-11,0,0,0,0,1.99785506,0,2010-08-11,,4000000,0,0,0,26000000,0,2010-08-06,17:25:45
2011-08-23,2881,99年,0.4994571,0,2011-08-17,0,0,0,0,0.9989142,0,2011-08-17,,4000000,0,0,0,36000000,0,2011-08-03,09:53:12
2012-08-15,2881,100年,0.4993698916,0,2012-08-09,0,0,0,0,0.99873978,0,2012-08-09,,6500000,0,0,0,45000000,0,2012-07-23,11:11:54
2013-07-07,2881,101年,0,0,,0,0,0,0,1,0,2013-07-01,,5000000,0,0,0,36000000,0,2013-06-17,10:25:06
2014-06-29,2881,102年,0,0,,0,0,0,0,1.5,0,2014-06-23,,6000000,0,0,0,43500000,0,2014-06-09,09:31:30
2015-07-06,2881,103年,0,0,,0,0,0,0,3,0,2015-06-30,2015-07-24,10000000,0,0,0,73000000,0,2015-06-15,10:06:55
2016-03-30,2881,105年,0,0,2016-03-24,0,0,0,0,0,0,,,0,600000000,4.4,60,0,0,2016-03-17,17:48:19
2016-07-03,2881,104年,0,0,,0,0,0,0,2,0,2016-06-27,2016-07-21,0,0,0,0,0,0,2016-06-08,17:19:16
2017-07-09,2881,105年,0,0,,0,0,0,0,2,0,2017-07-03,2017-07-28,0,0,0,0,0,0,2017-06-16,17:53:19
2018-02-16,2881,106年,0,0,2018-02-08,0,0,0,0,0,0,,,0,666660000,4.62,60,0,0,2018-02-01,16:39:22
2018-07-02,2881,106年,0,0,,0,0,0,0,2.3,0,2018-06-26,2018-07-23,0,0,0,0,0,0,2018-06-08,18:02:18
2019-07-12,2881,107年,0,0,,0,0,0,0,2,0,2019-07-04,2019-08-08,0,0,0,0,0,10233603995,2019-06-14,18:01:42
2020-07-07,2881,108年,0,0,,0,0,0,0,2,0,2020-07-01,2020-07-28,0,0,0,0,0,10233603995,2020-06-12,17:31:39
2021-08-01,2881,109年,0,0,,0,0,0,0,3,0,2021-07-26,2021-08-24,0,0,0,0,0,10233603995,2021-07-09,17:24:12
2021-09-12,2881,不適用,0,1,2021-09-06,0,0,0,0,0,0,,,0,548000000,3.81,58.9,0,10233603995,2021-08-30,16:38:32
2022-08-02,2881,110年,0,0,,0,0,0,0,3.5,0,2022-07-27,2022-08-25,0,0,0,0,0,11804964394,2022-07-12,17:09:44
2022-09-28,2881,110年,0,0.5,2022-09-22,0,0,0,0,0,0,,,0,0,0,0,0,11804964394,2022-09-06,16:29:56
2023-07-26,2881,111年,0,0,,0,0,0,0,1.5,0,2023-07-20,2023-08-18,0,0,0,0,0,12395212613,2023-07-06,10:07:32
2023-09-10,2881,111年,0,0.5,2023-09-04,0,0,0,0,0,0,,,0,0,0,0,0,12395212613,2023-08-22,11:54:38
2020-11-23,00878,109,0,0,,0,0,0,0,0.05,0,2020-11-17,2020-12-18,0,0,0,0,0,0,,
2021-03-06,00878,110,0,0,,0,0,0,0,0.15,0,2021-02-25,2021-03-31,0,0,0,0,0,0,,
2021-05-24,00878,110,0,0,,0,0,0,0,0.25,0,2021-05-18,2021-06-21,0,0,0,0,0,0,,
2021-08-23,00878,110,0,0,,0,0,0,0,0.3,0,2021-08-17,2021-09-17,0,0,0,0,0,0,,
2021-11-22,00878,110,0,0,,0,0,0,0,0.28,0,2021-11-16,2021-12-17,0,0,0,0,0,0,,
2022-02-28,00878,111,0,0,,0,0,0,0,0.3,0,2022-02-22,2022-03-28,0,0,0,0,0,0,,
2022-05-24,00878,111,0,0,,0,0,0,0,0.32,0,2022-05-18,2022-06-21,0,0,0,0,0,0,,
2022-08-22,00878,111,0,0,,0,0,0,0,0.28,0,2022-08-16,2022-09-19,0,0,0,0,0,0,,
2022-11-22,00878,111,0,0,,0,0,0,0,0.28,0,2022-11-16,2022-12-19,0,0,0,0,0,0,,
2023-02-22,00878,112,0,0,,0,0,0,0,0.27,0,2023-02-16,2023-03-22,0,0,0,0,0,0,,
2023-05-23,00878,112,0,0,,0,0,0,0,0.27,0,2023-05-17,2023-06-12,0,0,0,0,0,0,,
2023-08-22,00878,112,0,0,,0,0,0,0,0.35,0,2023-08-16,2023-09-11,0,0,0,0,0,0,,
2023-11-24,00878,112,0,0,,0,0,0,0,0.35,0,2023-11-16,2023-12-12,0,0,0,0,0,0,,
2010-10-31,0050,99,0,0,,0,0,0,0,2.2,0,2010-10-25,2010-11-26,0,0,0,0,0,0,,
2011-11-01,0050,100,0,0,,0,0,0,0,1.95,0,2011-10-26,2011-11-29,0,0,0,0,0,0,,
2012-10-30,0050,101,0,0,,0,0,0,0,1.85,0,2012-10-24,2012-11-27,0,0,0,0,0,0,,
2013-10-30,0050,102,0,0,,0,0,0,0,1.35,0,2013-10-24,2013-11-27,0,0,0,0,0,0,,
2014-11-01,0050,103,0,0,,0,0,0,0,1.55,0,2014-10-24,2014-11-27,0,0,0,0,0,0,,
2015-11-01,0050,104,0,0,,0,0,0,0,2,0,2015-10-26,2015-11-26,0,0,0,0,0,0,,
2016-08-03,0050,105,0,0,,0,0,0,0,0.85,0,2016-07-28,2016-08-30,0,0,0,0,0,0,,
2017-02-14,0050,106,0,0,,0,0,0,0,1.7,0,2017-02-08,2017-03-14,0,0,0,0,0,0,,
2017-08-06,0050,106,0,0,,0,0,0,0,0.7,0,2017-07-31,2017-08-31,0,0,0,0,0,0,,
2018-02-04,0050,107,0,0,,0,0,0,0,2.2,0,2018-01-29,2018-03-13,0,0,0,0,0,0,,
2018-06-01,0050,101,0,0,,0,0,0,0,1.85,0,2012-10-24,2012-11-27,0,0,0,0,0,0,,
2018-07-29,0050,107,0,0,,0,0,0,0,0.7,0,2018-07-23,2018-08-27,0,0,0,0,0,0,,
2019-01-28,0050,108,0,0,,0,0,0,0,2.3,0,2019-01-22,2019-03-08,0,0,0,0,0,0,,
2019-07-27,0050,108,0,0,,0,0,0,0,0.7,0,2019-07-19,2019-08-22,0,0,0,0,0,0,,
2020-02-08,0050,109,0,0,,0,0,0,0,2.9,0,2020-01-31,2020-03-06,0,0,0,0,0,0,,
2020-07-27,0050,109,0,0,,0,0,0,0,0.7,0,2020-07-21,2020-08-24,0,0,0,0,0,0,,
2021-01-30,0050,110,0,0,,0,0,0,0,3.05,0,2021-01-22,2021-03-09,0,0,0,0,0,0,,
2021-07-27,0050,110,0,0,,0,0,0,0,0.35,0,2021-07-21,2021-08-24,0,0,0,0,0,0,,
2022-01-29,0050,111,0,0,,0,0,0,0,3.2,0,2022-01-21,2022-03-04,0,0,0,0,0,0,,
2022-07-24,0050,111,0,0,,0,0,0,0,1.8,0,2022-07-18,2022-08-19,0,0,0,0,0,0,,
2023-02-05,0050,112,0,0,,0,0,0,0,2.6,0,2023-01-30,2023-03-07,0,0,0,0,0,0,,
2023-07-24,0050,112,0,0,,0,0,0,0,1.9,0,2023-07-18,2023-08-11,0,0,0,0,0,0,,
2024-01-23,0050,113,0,0,,0,0,0,0,3,0,2024-01-17,2024-02-21,0,0,0,0,0,0,,
2023-07-25,00929,112,0,0,,0,0,0,0,0.11,0,2023-07-19,2023-08-14,0,0,0,0,0,0,,
2023-08-23,00929,112,0,0,,0,0,0,0,0.11,0,2023-08-17,2023-09-12,0,0,0,0,0,0,,
2023-09-25,00929,112,0,0,,0,0,0,0,0.11,0,2023-09-19,2023-10-18,0,0,0,0,0,0,,
2023-10-30,00929,112,0,0,,0,0,0,0,0.11,0,2023-10-24,2023-11-17,0,0,0,0,0,0,,
2023-11-27,00929,112,0,0,,0,0,0,0,0.11,0,2023-11-21,2023-12-15,0,0,0,0,0,0,,
2023-12-25,00929,112,0,0,,0,0,0,0,0.11,0,2023-12-19,2024-01-15,0,0,0,0,0,0,,
2024-01-24,00929,113,0,0,,0,0,0,0,0.13,0,2024-01-18,2024-02-22,0,0,0,0,0,0,,
2021-01-25,00687B,110,0,0,,0,0,0,0,0.19,0,2021-01-19,2021-02-26,0,0,0,0,0,0,,
2011-11-01,0056,100,0,0,,0,0,0,0,2.2,0,2011-10-26,2011-11-29,0,0,0,0,0,0,,
2012-10-30,0056,101,0,0,,0,0,0,0,1.3,0,2012-10-24,2012-11-27,0,0,0,0,0,0,,
2013-10-30,0056,102,0,0,,0,0,0,0,0.85,0,2013-10-24,2013-11-27,0,0,0,0,0,0,,
2014-11-01,0056,103,0,0,,0,0,0,0,1,0,2014-10-24,2014-11-27,0,0,0,0,0,0,,
2015-11-01,0056,104,0,0,,0,0,0,0,1,0,2015-10-26,2015-11-26,0,0,0,0,0,0,,
2016-11-01,0056,105,0,0,,0,0,0,0,1.3,0,2016-10-26,2016-11-28,0,0,0,0,0,0,,
2017-11-05,0056,106,0,0,,0,0,0,0,0.95,0,2017-10-30,2017-12-04,0,0,0,0,0,0,,
2018-10-29,0056,107,0,0,,0,0,0,0,1.45,0,2018-10-23,2018-11-27,0,0,0,0,0,0,,
2019-10-29,0056,108,0,0,,0,0,0,0,1.8,0,2019-10-23,2019-11-26,0,0,0,0,0,0,,
2020-11-03,0056,109,0,0,,0,0,0,0,1.6,0,2020-10-28,2020-12-01,0,0,0,0,0,0,,
2021-10-30,0056,110,0,0,,0,0,0,0,1.8,0,2021-10-22,2021-11-25,0,0,0,0,0,0,,
2022-10-25,0056,111,0,0,,0,0,0,0,2.1,0,2022-10-19,2022-11-22,0,0,0,0,0,0,,
2023-07-24,0056,112,0,0,,0,0,0,0,1,0,2023-07-18,2023-08-11,0,0,0,0,0,0,,
2023-10-25,0056,112,0,0,,0,0,0,0,1.2,0,2023-10-19,2023-11-14,0,0,0,0,0,0,,
2024-01-23,0056,113,0,0,,0,0,0,0,0.7,0,2024-01-17,2024-02-21,0,0,0,0,0,0,,
2023-06-24,00919,112,0,0,,0,0,0,0,0.54,0,2023-06-16,2023-07-14,0,0,0,0,0,0,,
2023-09-24,00919,112,0,0,,0,0,0,0,0.54,0,2023-09-18,2023-10-17,0,0,0,0,0,0,,
2023-12-24,00919,112,0,0,,0,0,0,0,0.55,0,2023-12-18,2024-01-12,0,0,0,0,0,0,,
2012-11-07,006208,101,0,0,,0,0,0,0,1.844,0,2012-11-01,2012-12-03,0,0,0,0,0,0,,
2013-11-05,006208,102,0,0,,0,0,0,0,0.629,0,2013-10-30,2013-12-02,0,0,0,0,0,0,,
2014-11-04,006208,103,0,0,,0,0,0,0,1.212,0,2014-10-29,2014-12-02,0,0,0,0,0,0,,
2015-11-04,006208,104,0,0,,0,0,0,0,0.845,0,2015-10-29,2015-12-02,0,0,0,0,0,0,,
2016-08-08,006208,105,0,0,,0,0,0,0,0.043,0,2016-08-02,2016-09-01,0,0,0,0,0,0,,
2017-08-04,006208,106,0,0,,0,0,0,0,1,0,2017-07-27,2017-09-01,0,0,0,0,0,0,,
2017-12-06,006208,106,0,0,,0,0,0,0,1.65,0,2017-11-30,2017-12-29,0,0,0,0,0,0,,
2018-08-03,006208,107,0,0,,0,0,0,0,0.65,0,2018-07-26,2018-08-31,0,0,0,0,0,0,,
2018-12-05,006208,107,0,0,,0,0,0,0,2,0,2018-11-29,2018-12-28,0,0,0,0,0,0,,
2019-07-24,006208,108,0,0,,0,0,0,0,0.661,0,2019-07-18,2019-08-27,0,0,0,0,0,0,,
2019-11-26,006208,108,0,0,,0,0,0,0,1.138,0,2019-11-20,2019-12-30,0,0,0,0,0,0,,
2020-07-27,006208,109,0,0,,0,0,0,0,0.481,0,2020-07-21,2020-08-27,0,0,0,0,0,0,,
2020-11-23,006208,109,0,0,,0,0,0,0,1.139,0,2020-11-17,2020-12-18,0,0,0,0,0,0,,
2021-07-24,006208,110,0,0,,0,0,0,0,0.314,0,2021-07-16,2021-08-18,0,0,0,0,0,0,,
2021-11-22,006208,110,0,0,,0,0,0,0,1.641,0,2021-11-16,2021-12-17,0,0,0,0,0,0,,
2022-07-24,006208,111,0,0,,0,0,0,0,1.248,0,2022-07-18,2022-08-18,0,0,0,0,0,0,,
2022-11-22,006208,111,0,0,,0,0,0,0,1.03,0,2022-11-16,2022-12-19,0,0,0,0,0,0,,
2023-07-24,006208,112,0,0,,0,0,0,0,1.352,0,2023-07-18,2023-08-11,0,0,0,0,0,0,,
2023-11-22,006208,112,0,0,,0,0,0,0,0.861,0,2023-11-16,2023-12-12,0,0,0,0,0,0,,
